filename,coarse_label
8BSJ_3269,internal
6Y57_2380,internal
9B0H_4368,internal
6PC7_2088,internal
7P7Q_2837,internal
6YS3_2397,internal
4V6R_954,internal
8P7Y_4154,internal
6TB3_2201,internal
6RXZ_2158,internal
9HC4_4470,internal
8UU8_3791,internal
6VYT_2249,internal
7OTC_2825,internal
8Y39_3983,internal
5XY3_1731,internal
6S0K_2162,internal
8P7X_4149,internal
8P8V_4165,internal
7M4X_2617,internal
7BHP_2559,internal
6G5H_1820,internal
6ZU5_2500,internal
4V6Q_952,internal
9L0R_4418,internal
8C8Y_3339,internal
5ADY_1389,internal
6TC3_2208,internal
6Y0G_2376,internal
9GHH_4468,internal
9G8M_4120,internal
8UU7_3786,internal
9E7F_4191,internal
6G5I_1821,internal
7QCA_3180,internal
6ZU1_2495,internal
7UNW_3130,internal
8CEE_3630,internal
8TOC_3764,internal
8UU8_3790,internal
9B0G_4366,internal
8RD8_3731,internal
7PIR_2968,internal
9E7F_4190,internal
8FVY_3665,internal
7QEP_3009,internal
9GHD_4455,internal
3J79_391,internal
8P8V_4164,internal
4V5H_823,internal
8RW1_4049,internal
8HU1_3832,internal
8P7X_4151,internal
7UNU_3121,internal
7PAI_2872,internal
8RRI_4352,internal
7PHA_2924,internal
5X8P_1720,internal
7OIF_2799,internal
8C83_3388,internal
6X7K_2354,internal
8K0P_3860,internal
8G34_3600,internal
7ZOD_3157,internal
8UQM_3897,internal
8APO_3403,internal
8FL0_3456,internal
6SV4_2191,internal
5JTE_1466,internal
6YWE_2410,internal
7M4W_2616,internal
9GHG_4465,internal
6HA8_1875,internal
6YWV_2421,internal
9L0R_4417,internal
7SYH_3075,internal
8JDK_3604,internal
6Y69_2382,internal
5UYL_1679,internal
8JDL_3605,internal
8P5D_3407,internal
9L0R_4393,internal
7P7Q_2836,internal
8P2F_3839,internal
8IE3_3483,internal
9NJF_4476,internal
7P3K_2730,internal
6WD4_2296,internal
7SSL_3059,internal
6GQV_1836,internal
6LQR_1902,internal
6Z6K_2438,internal
8S8E_4056,internal
7UCK_3106,internal
5UYK_1676,internal
6Y7C_2384,internal
8BPO_3440,internal
8T5H_4031,internal
6ORE_2031,internal
9H3V_4287,internal
8BIM_3512,internal
6GC7_1830,internal
6T59_2194,internal
8RJB_3668,internal
7PIC_2948,internal
2OM7_315,internal
8QPP_3632,internal
8RWG_4310,internal
5T2A_1648,internal
8CDR_3542,internal
6VZ7_2267,internal
7O1C_2703,internal
7NRC_2678,internal
9L0R_4412,internal
8BN3_3639,internal
8P8V_4167,internal
7ZS5_3228,internal
8EVT_3527,internal
6MTE_1928,internal
6U48_2221,internal
7LHD_2760,internal
6P5J_2077,internal
6VWN_2241,internal
9G8M_4121,internal
5UYK_1675,internal
9B0F_4365,internal
6Q95_2109,internal
9GHG_4462,internal
8QSJ_3624,internal
8P2H_3850,internal
6RBD_2136,internal
7OII_2806,internal
8OZ0_3677,internal
8FL4_3459,internal
7TTU_3096,internal
7PIQ_2964,internal
6TC3_2207,internal
7PI8_2934,internal
6LQV_1910,internal
7TM3_3093,internal
6R7Q_2133,internal
8K0S_3833,internal
7K53_2603,internal
8UU9_3795,internal
6ZSC_2473,internal
6LQS_1903,internal
9GHA_4445,internal
6TNN_2216,internal
7K52_2600,internal
8YLD_4226,internal
8RCT_3761,internal
8RDW_3737,internal
8TOC_3765,internal
8XSZ_3949,internal
6YWX_2425,internal
8QHU_4308,internal
8RL2_4250,internal
7JSS_2585,internal
8C8X_3337,internal
8PV6_3590,internal
8BHP_3510,internal
8CRX_3273,internal
6YWY_2429,internal
8G7Q_3741,internal
9FRL_4268,internal
6ZCE_2441,internal
6O9K_1996,internal
7OQC_2727,internal
6C4I_1776,internal
6ZU9_2501,internal
6GXP_1851,internal
8P8B_4162,internal
5KPW_1478,internal
5LZC_1497,internal
6ERI_1808,internal
9FO0_4262,internal
9L0R_4403,internal
6WD1_2291,internal
5LZT_1516,internal
8ZDD_4317,internal
9GFT_4321,internal
8TOC_3773,internal
8FKR_3445,internal
3JBN_415,internal
9H3Z_4292,internal
7PAS_2907,internal
5X8T_1723,internal
8I9T_3368,internal
8APO_3404,internal
6RBD_2139,internal
6Z6K_2440,internal
8CGV_3477,internal
8FKY_3453,internal
8G34_3598,internal
8WR4_3915,internal
9J1M_4386,internal
8CF5_3547,internal
7ASE_2548,internal
8UU7_3787,internal
6SNT_2179,internal
9NL5_4056,internal
7RYG_2836,internal
9J3R_3982,internal
6ZVJ_2331,internal
9H3Y_3869,internal
6U48_2041,internal
4V73_897,internal
8RCS_3453,internal
8G6W_3133,internal
8VKI_3935,internal
7P7U_2758,internal
4V70_883,internal
7D6Z_2422,internal
6WRS_2190,internal
5APO_1331,internal
7OIF_2709,internal
6OUO_1919,internal
6ZN5_2274,internal
7ST2_2868,internal
8WIB_3493,internal
7WTS_2935,internal
6TBV_2027,internal
9J3T_3990,internal
8AP4_2985,internal
8P2F_3534,internal
9J1M_3979,internal
8RPY_3576,internal
6XIJ_2216,internal
6RI5_1992,internal
7OII_2724,internal
8HSP_3522,internal
8G7Q_3414,internal
6VZ3_2087,internal
8OM3_3364,internal
8UPO_3588,internal
8YUO_3766,internal
7PJZ_2663,internal
7AFK_2387,internal
9NLH_4077,internal
8EMM_3155,internal
8WIC_3495,internal
7K53_2474,internal
8YOP_3648,internal
8SYL_3231,internal
8G7Q_3416,internal
5JU8_1379,internal
5FLX_1353,internal
8CEU_3213,internal
5LZW_1430,internal
8B0X_2989,internal
7AS9_2397,internal
6W6K_2101,internal
7JSW_2439,internal
6ZUO_2326,internal
8JSG_3402,internal
9N2B_3992,internal
6ZV6_2328,internal
7D6Z_2421,internal
7K51_2465,internal
4UJD_567,internal
7U0H_2984,internal
8XT0_3644,internal
8WIB_3494,internal
8QBT_3509,internal
7SYX_2904,internal
6Y69_2229,internal
8CGK_3203,internal
3J9Z_400,internal
9NJV_4050,internal
7OPE_2625,internal
6ZTN_2307,internal
7ABZ_2362,internal
6VYT_2074,internal
6ZP4_2281,internal
7S0S_2839,internal
6W2T_2097,internal
4V70_884,internal
7AFD_2385,internal
4V7A_921,internal
4V6O_856,internal
4V70_885,internal
6WNV_2178,internal
6WD9_2135,internal
6Y69_2230,internal
7SYJ_2881,internal
8RDV_3407,internal
6V3D_2052,internal
6N7P_1772,internal
6WDM_2175,internal
7NAC_2976,internal
6ZU1_2320,internal
7SSW_2864,internal
9NLF_4074,internal
8Q7Z_3729,internal
9GUX_3826,internal
7PIO_2795,internal
7O5B_2706,internal
6R86_1991,internal
6V3B_2048,internal
8BF7_3237,internal
7JIL_2430,internal
9J3R_3980,internal
8CEU_3212,internal
3IZZ_375,internal
6SKG_2004,internal
7PIA_2790,internal
6GQ1_1684,internal
6P5N_1940,internal
8YUR_3781,internal
7SSW_2862,internal
8RDW_3409,internal
8P16_3564,internal
8FZJ_3672,internal
7JT3_2452,internal
6WD2_2112,internal
8QPP_3357,internal
6ZXG_2342,internal
7TQL_2905,internal
8FZG_3659,internal
6YSU_2265,internal
8QHU_3898,internal
6R84_1989,internal
8R6C_3681,internal
8FZD_3650,internal
8P18_3572,internal
8UQL_3591,internal
8XSX_3637,internal
8FKW_3201,internal
8IFB_3395,internal
9GGR_3918,internal
7PWO_2811,internal
6H58_1724,internal
8B6C_3020,internal
8V9J_3379,internal
8P2H_3542,internal
6YEF_2239,internal
9MOR_3891,internal
9NJV_4047,internal
5AKA_1325,internal
8T5D_3736,internal
4UE4_564,internal
8CRX_3054,internal
7PIQ_2799,internal
6ZN5_2273,internal
7UG7_2917,internal
6H4N_1713,internal
8FIZ_3062,internal
4V6M_849,internal
5LZZ_1438,internal
9H3P_3855,internal
8BH7_3284,internal
9B0H_3962,internal
9GFT_3917,internal
6OM6_1865,internal
7OHX_2607,internal
8FZJ_3671,internal
5LZC_1407,internal
7SS9_2852,internal
7OIG_2720,internal
6I7O_1740,internal
9GHD_4020,internal
7NSO_2561,internal
9BKD_3748,internal
8Y39_3699,internal
9N2C_3998,internal
7OT5_2731,internal
9NLJ_4082,internal
9H3P_3856,internal
8P2G_3537,internal
7P7S_2753,internal
7PJW_2650,internal
7SFR_2848,internal
6YSS_2255,internal
9BH5_3747,internal
7QI6_3140,internal
6ZS9_2284,internal
4V6Y_874,internal
6O9J_1836,internal
7NWW_2703,internal
6XGF_2212,internal
7K55_2481,internal
8Y36_3688,internal
7SSN_2856,internal
9C4G_3722,internal
6OGG_1850,internal
7SYO_2889,internal
6PCH_1951,internal
8URX_3604,internal
7NWH_2572,internal
8FR8_3142,internal
8VKI_3934,internal
8TJQ_3320,internal
8RCT_3456,internal
5AA0_1312,internal
9L0R_180,internal
7PHA_92,internal
6SPF_75,internal
8P60_131,internal
9J3T_159,internal
9J3R_150,internal
6VWM_77,internal
9LCR_186,internal
6SWC_76,internal
9NLQ_461,internal
6LSR_194,internal
7A01_262,internal
7NSI_276,internal
8G7R_415,internal
3J9W_64,internal
7PKT_302,internal
6HD7_192,internal
6Q9A_228,internal
6ZVK_261,internal
6LSS_195,internal
6Y2L_254,internal
8FLB_368,internal
6Y57_255,internal
7OII_296,internal
8B6C_332,internal
7QV1_305,internal
6TH6_244,internal
8Y0X_408,internal
8JDL_396,internal
5JTE_15670,bulge
5IMQ_15113,bulge
5IQR_15133,bulge
3J5L_2929,bulge
5AFI_14241,bulge
5APO_14356,bulge
5AFI_14227,bulge
3J79_2964,bulge
5GMK_14885,bulge
5AJ3_14275,bulge
5ANC_14327,bulge
5H1S_14893,bulge
5AKA_14308,bulge
5AJ4_14288,bulge
5IMQ_15110,bulge
3J7P_3007,bulge
5AJ0_14245,bulge
5JCS_15652,bulge
5IMQ_15109,bulge
5APO_14358,bulge
3J7P_2999,bulge
5APN_14339,bulge
5IMR_15115,bulge
5H1S_14897,bulge
5APO_14366,bulge
5AJ0_14249,bulge
3J7O_2989,bulge
5APO_14365,bulge
3J6B_2941,bulge
3J6B_2936,bulge
5AJ4_14293,bulge
5IT7_15170,bulge
5IMR_15124,bulge
5JBH_15605,bulge
5IMQ_15100,bulge
5IT9_15221,bulge
5GAK_14868,bulge
6MTC_8004,bulge
8RDW_14868,bulge
6Y2L_10019,bulge
8GLP_13497,bulge
8XXM_15287,bulge
7PIR_12147,bulge
6N8L_8043,bulge
8IR1_13962,bulge
6OM7_8435,bulge
8P8M_15479,bulge
8K82_15605,bulge
7JIL_10752,bulge
7DVQ_10746,bulge
7N2C_11023,bulge
8W51_15936,bulge
6T4Q_9097,bulge
7PIS_12156,bulge
8K2A_15577,bulge
4V73_3746,bulge
6GC4_7579,bulge
6W6P_9481,bulge
6OSQ_8537,bulge
8QCQ_15183,bulge
8G6Y_13488,bulge
8IDT_13893,bulge
4V70_3719,bulge
8ZTU_16830,bulge
8WI8_15119,bulge
6W7N_9494,bulge
9GHC_17065,bulge
8QBT_15171,bulge
8IDT_13892,bulge
8OJ8_14825,bulge
8FLA_13779,bulge
4V75_3771,bulge
8EVT_14154,bulge
8R6C_15761,bulge
6YST_10140,bulge
7NRD_11181,bulge
5OOL_6739,bulge
6O8Y_8217,bulge
9FRK_16539,bulge
9N2C_16981,bulge
6WDF_9680,bulge
8PFR_15555,bulge
9G8M_16099,bulge
8XZ3_15834,bulge
8VR4_16801,bulge
8IFC_14759,bulge
9D89_16564,bulge
9NL7_17194,bulge
6TPQ_9202,bulge
6T7T_9128,bulge
6SPG_9033,bulge
4V73_3751,bulge
6Z6K_10220,bulge
5LZC_6250,bulge
8P7X_16191,bulge
8IP8_14764,bulge
8G7S_14912,bulge
6WDH_9708,bulge
8P2G_15267,bulge
8UQL_15409,bulge
6ZU1_10418,bulge
6OGG_8332,bulge
9F9S_16356,bulge
8FZE_15691,bulge
5JUO_6074,bulge
8P16_15324,bulge
8Y0U_14718,bulge
9H3X_16650,bulge
9GGR_16765,bulge
6R5Q_8828,bulge
8PV7_14396,bulge
5UYN_6920,bulge
4V77_3800,bulge
5U9F_6833,bulge
7PAR_11992,bulge
8P18_15346,bulge
8YLR_16451,bulge
9F9S_16358,bulge
8FR8_13507,bulge
9N2B_16967,bulge
8OJ5_14816,bulge
7BOG_10695,bulge
7AC7_10507,bulge
7NAS_11088,bulge
8WIB_15135,bulge
5KPV_6142,bulge
8YOP_15674,bulge
9H3Q_16583,bulge
6OLE_8374,bulge
8XI2_16058,bulge
6Q98_8755,bulge
9FNZ_16523,bulge
9N2B_16971,bulge
8RCT_14997,bulge
5IQR_5821,bulge
7JT2_10810,bulge
8R6C_15757,bulge
8YLD_16441,bulge
8RD8_14856,bulge
8YOO_15664,bulge
8VSA_15285,bulge
8G5Y_13440,bulge
8CRX_13200,bulge
6QTZ_8814,bulge
8OO0_14831,bulge
5O61_6702,bulge
6WDI_9723,bulge
6Q98_8753,bulge
8T3E_16422,bulge
9GHE_17079,bulge
9GFT_16734,bulge
7D6Z_10735,bulge
7P7U_11891,bulge
4V5N_3181,bulge
9FHL_16509,bulge
8URY_15523,bulge
8IR3_13967,bulge
7JIL_10753,bulge
6ZTJ_10347,bulge
6WRS_9825,bulge
4V6S_3631,bulge
4V7H_3873,bulge
8HU1_15226,bulge
3JA1_1328,bulge
7PIT_12171,bulge
8TPU_15856,bulge
9B0Q_16894,bulge
9NLE_17205,bulge
6WDM_9773,bulge
3J7Q_1251,bulge
8WIC_15138,bulge
6ZQE_10310,bulge
8R8M_15770,bulge
9NLJ_17241,bulge
9GHH_17121,bulge
7M5D_11599,bulge
5LZV_6320,bulge
5MMI_6467,bulge
6H58_7774,bulge
8XT1_15648,bulge
6TNN_9186,bulge
7JT1_10796,bulge
4V6X_3678,bulge
8QHU_16693,bulge
6FTJ_7537,bulge
6HMA_7836,bulge
6WDJ_9731,bulge
9H3M_16572,bulge
6WDI_9724,bulge
7PI9_12085,bulge
5XXB_7099,bulge
6VZ3_9419,bulge
6HTQ_7852,bulge
8OVJ_15293,bulge
6I7O_7878,bulge
7ACJ_10520,bulge
8CG8_14241,bulge
8EVR_14147,bulge
6ZU5_10430,bulge
9NL6_17177,bulge
9GFT_16730,bulge
8VFT_16475,bulge
8WI7_15112,bulge
7JSW_10776,bulge
4V8Z_4547,bulge
8RWG_16707,bulge
6YWS_10175,bulge
8INE_13915,bulge
7BL3_10656,bulge
6SV4_9039,bulge
8VR4_16799,bulge
7NAU_11094,bulge
6Z6J_10205,bulge
6WYV_9849,bulge
7NHM_11139,bulge
6OLF_8382,bulge
8XZ3_15833,bulge
6ZU1_10416,bulge
9NL7_17193,bulge
8UIY_17275,bulge
5X8T_7088,bulge
4UY8_2528,bulge
6X6T_9856,bulge
5AN9_5535,bulge
8RJB_14657,bulge
7K50_10843,bulge
8P16_15325,bulge
5MY1_6510,bulge
8QBT_15172,bulge
6H4N_7744,bulge
9F1D_15888,bulge
6VWN_9301,bulge
8G6J_13472,bulge
8PKL_14938,bulge
4V7A_3829,bulge
5NP6_6658,bulge
6WDC_9648,bulge
6HTQ_7853,bulge
6YSS_10126,bulge
4V4B_2564,bulge
7AC7_10511,bulge
8Y37_15788,bulge
6WDG_9693,bulge
5MLC_6458,bulge
7N31_11070,bulge
6WNV_9792,bulge
8RQ0_15372,bulge
7MSM_11633,bulge
7ABZ_10491,bulge
6WDM_9768,bulge
9GFT_16732,bulge
4V6Y_3682,bulge
6YEF_10065,bulge
6ZM5_10260,bulge
4V6N_3582,bulge
6GBZ_7570,bulge
8P2K_13830,bulge
9G06_16930,bulge
7PIR_12150,bulge
9H3Y_16613,bulge
8TPU_15859,bulge
7PHB_12049,bulge
3JCE_1432,bulge
8FLD_13798,bulge
4V6T_3647,bulge
5MYJ_6519,bulge
8R3V_14944,bulge
8P60_13604,bulge
9GHE_17078,bulge
5UYL_6898,bulge
6TC3_9162,bulge
6O8W_8193,bulge
6WD3_9550,bulge
8VR8_16807,bulge
9F1B_15874,bulge
7BOG_10693,bulge
6ZXE_10448,bulge
8UQP_15426,bulge
6C4I_7352,bulge
6VWN_9300,bulge
8G34_14428,bulge
8EVP_14134,bulge
3JBU_1407,bulge
7JIL_10749,bulge
8G60_13450,bulge
5NO4_6650,bulge
7NHK_11116,bulge
7JT2_10817,bulge
5UQ8_6870,bulge
6SPD_9010,bulge
8JDM_14474,bulge
8YUP_16144,bulge
5MYJ_6514,bulge
7ACR_10530,bulge
8G34_14427,bulge
4V70_3709,bulge
4V7A_3837,bulge
6WD2_9532,bulge
9GHE_17081,bulge
7MSH_11619,bulge
9HA4_16656,bulge
8IR3_13964,bulge
7N2C_11027,bulge
7MSC_11608,bulge
9NKL_17161,bulge
8UQM_15420,bulge
4V6Z_3695,bulge
8G6X_13206,bulge
4V6V_3663,bulge
9GGR_16752,bulge
6WNW_9795,bulge
7BOD_10682,bulge
8XSY_15623,bulge
5KPX_6164,bulge
6ORL_8499,bulge
8P8V_16219,bulge
6ZM6_10263,bulge
8VKW_16792,bulge
6WD1_9525,bulge
7BOH_10701,bulge
6H58_7772,bulge
6ENF_7478,bulge
6HA8_7793,bulge
6ENJ_7483,bulge
8RCM_14963,bulge
4V6P_3606,bulge
5U9G_6847,bulge
7K55_10898,bulge
5O2R_6685,bulge
8ZTU_16833,bulge
6EXN_7500,bulge
8G38_14449,bulge
5IT9_5850,bulge
9FPZ_15573,bulge
4UY8_2525,bulge
3JCE_1428,bulge
6YS3_10101,bulge
9NKL_17164,bulge
6T83_9133,bulge
8RDV_14866,bulge
7AQD_10562,bulge
6H4N_7748,bulge
6OLI_8400,bulge
8WIC_15141,bulge
7N2U_11044,bulge
6YST_10137,bulge
6WD5_9568,bulge
8URY_15520,bulge
8EMM_13562,bulge
6ERI_7497,bulge
6GQV_7608,bulge
6WD1_9523,bulge
7NWW_11687,bulge
5MRE_6490,bulge
8G61_13460,bulge
6OGG_8341,bulge
8CH6_13431,bulge
5MC6_6375,bulge
7MT7_11671,bulge
6S13_8952,bulge
5WF0_7027,bulge
8E3M_13643,bulge
6VMI_9258,bulge
5JUO_6076,bulge
8CMJ_14268,bulge
5MRE_6491,bulge
9GHF_17097,bulge
6VYT_9347,bulge
8D8K_12850,bulge
5LI0_6180,bulge
5UYP_6926,bulge
7B5K_10612,bulge
8WIB_15127,bulge
6XIJ_9959,bulge
6SKG_8984,bulge
8OO0_14836,bulge
5JUO_6079,bulge
9GR1_16278,bulge
3JCE_1434,bulge
8IPD_13941,bulge
6P5N_8659,bulge
7PI9_12077,bulge
6SZS_9081,bulge
8RQ2_15381,bulge
8OJ8_14818,bulge
7B5K_10607,bulge
6XIQ_9970,bulge
8P8V_16213,bulge
6ZTO_10387,bulge
6VYZ_9399,bulge
7LVK_11590,bulge
9GHG_17103,bulge
7PAO_11968,bulge
9E6Q_16252,bulge
7PIR_12153,bulge
8FZJ_15737,bulge
7PIQ_12146,bulge
4V4V_2741,bulge
8OM4_14611,bulge
8EIU_12913,bulge
4V79_3816,bulge
6O90_8242,bulge
6GZ5_7721,bulge
8FL0_13735,bulge
5ZET_7153,bulge
4V6S_3632,bulge
5UYQ_6946,bulge
5TCU_6805,bulge
9GMO_16061,bulge
8G7P_14878,bulge
8VKW_16794,bulge
9GHC_17056,bulge
6VYY_9394,bulge
8PHJ_14523,bulge
6WD9_9616,bulge
6SV4_9046,bulge
8K0R_15302,bulge
6N8L_8046,bulge
4ADV_1549,bulge
7K00_10834,bulge
6W7M_9491,bulge
9GHC_17057,bulge
9GHC_17059,bulge
8P7Y_16196,bulge
6VWL_9283,bulge
5UYN_6918,bulge
6MTB_7996,bulge
6DDG_7422,bulge
6FTG_7518,bulge
8XT2_15649,bulge
6WDG_9695,bulge
7BL5_10669,bulge
6AWD_7177,bulge
6GWT_7651,bulge
7N2C_11033,bulge
4V7A_3828,bulge
8OIR_13579,bulge
6OLZ_8410,bulge
6VZ5_9438,bulge
7BL6_10678,bulge
4D67_1595,bulge
5IMR_5807,bulge
6WDD_9660,bulge
5Y88_7121,bulge
5JUS_6088,bulge
6ND4_8065,bulge
8EVT_14158,bulge
8EUB_14130,bulge
7PHC_12060,bulge
8YUR_16158,bulge
4V4W_2745,bulge
7AQC_10555,bulge
6P5J_8647,bulge
6WDF_9687,bulge
7MDZ_11006,bulge
8T3B_16411,bulge
6H58_7760,bulge
6P5K_8655,bulge
6ZU1_10422,bulge
8R6C_15753,bulge
8VFT_16474,bulge
8HSP_15207,bulge
9B0H_16877,bulge
7D80_10745,bulge
4UY8_2527,bulge
6X9Q_9894,bulge
6QT0_8807,bulge
6ERI_7492,bulge
6VZJ_9456,bulge
6HRM_7844,bulge
7K51_10859,bulge
6S0K_8926,bulge
9NLF_17214,bulge
6X7K_9883,bulge
4V6R_3622,bulge
5UYL_6894,bulge
5MDW_6396,bulge
8P2H_15278,bulge
7MSM_11634,bulge
8P8M_15478,bulge
8XSX_15618,bulge
7MSH_11617,bulge
6WDM_9769,bulge
8FZH_15714,bulge
5U9F_6828,bulge
4UER_2502,bulge
6R84_8863,bulge
6GC8_7589,bulge
8INK_13932,bulge
8FLF_13808,bulge
8XT3_15652,bulge
6SPG_9028,bulge
8PVK_14498,bulge
9NL5_17167,bulge
5JUS_6092,bulge
8P16_15329,bulge
8E3M_13642,bulge
9GUX_16323,bulge
6SZS_9080,bulge
5NP6_6663,bulge
8CG8_14235,bulge
5GAK_5715,bulge
6OG7_8315,bulge
6O8W_8201,bulge
8R6C_15756,bulge
4V69_3387,bulge
8RCT_14989,bulge
7PIS_12164,bulge
4V6V_3666,bulge
6YHS_10076,bulge
8K2D_15597,bulge
8I9Y_13533,bulge
4V4N_2671,bulge
6XZ7_9990,bulge
8FKS_13712,bulge
4V8M_4427,bulge
8CG8_14238,bulge
8INK_13930,bulge
8P60_13602,bulge
8CSU_12844,bulge
8CSR_12841,bulge
7K52_10869,bulge
8TPU_15855,bulge
6YPU_10098,bulge
8FKQ_13710,bulge
8G5Y_13433,bulge
8PKL_14939,bulge
6YAL_10051,bulge
9B0R_16899,bulge
8FZG_15706,bulge
9GHF_17091,bulge
6OT3_8558,bulge
7JT3_10821,bulge
7JSZ_10786,bulge
8IE3_13911,bulge
8OM4_14612,bulge
4V4B_2570,bulge
4V6Y_3685,bulge
7K55_10904,bulge
8OJ8_14827,bulge
5IT7_5823,bulge
8URH_15451,bulge
8YOO_15658,bulge
4V7C_3855,bulge
8QFD_14843,bulge
6C4I_7351,bulge
7CPJ_10720,bulge
6WDD_9667,bulge
8CGK_13821,bulge
7NHK_11120,bulge
6WDD_9665,bulge
6WD7_9587,bulge
7NHK_11126,bulge
8UQL_15407,bulge
6VYQ_9316,bulge
5JU8_6066,bulge
3J6B_1226,bulge
8RJB_14652,bulge
6FXC_7546,bulge
4V71_3728,bulge
6OUO_8591,bulge
6OGG_8339,bulge
5OT7_6750,bulge
7K54_10892,bulge
6OUO_8582,bulge
3J7P_1249,bulge
6LSS_7946,bulge
8P2F_15244,bulge
9GUT_16301,bulge
6Z6M_10234,bulge
4V69_3394,bulge
6OT3_8556,bulge
8Y39_15808,bulge
8T3F_16429,bulge
8FZI_15733,bulge
6XU8_9984,bulge
6GZQ_7724,bulge
5JTE_6057,bulge
7NWW_11686,bulge
5MDZ_6419,bulge
6VU3_9261,bulge
6ZMO_10302,bulge
6V3B_9244,bulge
7PIS_12159,bulge
8Q5I_14182,bulge
5JTE_6050,bulge
5LZW_6331,bulge
6RM3_8901,bulge
6ZMI_10290,bulge
6J6N_7901,bulge
9GHB_17047,bulge
9FY0_16558,bulge
6VYX_9379,bulge
8JDJ_14452,bulge
8FN2_14357,bulge
6ORL_8493,bulge
7B7D_10625,bulge
6Z6K_10213,bulge
7MSZ_11643,bulge
6TBV_9154,bulge
8WIF_15152,bulge
8FL0_13736,bulge
6HD7_7813,bulge
9GHD_17069,bulge
6ZTN_10376,bulge
6TNU_9191,bulge
6WDJ_9732,bulge
8CGD_13856,bulge
7M5D_11603,bulge
8G7Q_14892,bulge
6WD4_9562,bulge
6XZB_10002,bulge
9GGR_16743,bulge
8UQP_15427,bulge
9E6Q_16253,bulge
8GLP_13496,bulge
6MTD_8019,bulge
7NHL_11135,bulge
4V6Y_3683,bulge
7P3K_11450,bulge
8CEU_13845,bulge
7BGD_10629,bulge
7MT2_11650,bulge
3J7Q_1254,bulge
8FKW_13724,bulge
8PV3_14372,bulge
8FZJ_15746,bulge
5LMN_6193,bulge
8JSH_14645,bulge
4V72_3741,bulge
8WIB_15129,bulge
7CPJ_10721,bulge
6OLG_8392,bulge
4V6Y_3690,bulge
6Z6J_10206,bulge
3JCJ_1439,bulge
8EYQ_14171,bulge
8Q5I_14181,bulge
6SV4_9059,bulge
8YLD_16445,bulge
4A2I_1543,bulge
8QIE_16496,bulge
7K50_10846,bulge
8R8M_15766,bulge
6O9J_8253,bulge
8PEG_14930,bulge
4V77_3790,bulge
5UQ7_6866,bulge
4V6P_3601,bulge
7PIQ_12141,bulge
7JSS_10759,bulge
6FTG_7520,bulge
8P2H_15272,bulge
7JT1_10792,bulge
3JCE_1435,bulge
8E3M_13641,bulge
7M5D_11597,bulge
6X7K_9881,bulge
8P2G_15258,bulge
6W7M_9492,bulge
8YP6_16827,bulge
8WHY_15102,bulge
7PAO_11976,bulge
6N8O_8058,bulge
8G7Q_14896,bulge
3JA1_1326,bulge
8PV3_14374,bulge
6W77_9487,bulge
4V6M_3568,bulge
3J8G_1279,bulge
3J7Q_1253,bulge
6YWE_10167,bulge
6W6L_9468,bulge
8I9V_13522,bulge
6WD6_9577,bulge
9H3W_16609,bulge
6W6L_9473,bulge
8P8V_16215,bulge
8K0P_15298,bulge
5GAE_5710,bulge
6T83_9139,bulge
8OJ8_14821,bulge
9GHA_17036,bulge
8XSY_15621,bulge
6ZQF_10312,bulge
8SCB_14571,bulge
5KPW_6154,bulge
8Q7Z_15902,bulge
4V4V_2742,bulge
6X7F_9874,bulge
8XZ3_15832,bulge
6AWC_7169,bulge
9F1C_15883,bulge
5T62_6771,bulge
6OGF_8319,bulge
6ZMI_10292,bulge
6OIG_8354,bulge
6FXC_7543,bulge
6YSI_10113,bulge
6HA1_7777,bulge
6HMA_7841,bulge
7K55_10908,bulge
5UYN_6922,bulge
8PKL_14935,bulge
6WDF_9684,bulge
8OJ0_14798,bulge
6GZQ_7723,bulge
8IDY_13899,bulge
5MC6_6370,bulge
8G7R_14906,bulge
7A5I_10482,bulge
8P7Y_16204,bulge
6FAI_7501,bulge
6FTG_7522,bulge
7D80_10743,bulge
4D5Y_1590,bulge
8FKV_13721,bulge
6S0K_8923,bulge
9NLH_17232,bulge
5LZW_6334,bulge
7A01_10455,bulge
6DZI_7451,bulge
8PV8_14619,bulge
7PAI_11913,bulge
8P2G_15257,bulge
7NHM_11149,bulge
6O8X_2507,bulge
7MDZ_3056,bulge
4V6Q_1131,bulge
8CGU_3595,bulge
7M4Z_3053,bulge
8G7R_3769,bulge
8FLE_3579,bulge
3JBV_465,bulge
7K00_3019,bulge
4V6T_1138,bulge
6SKG_2662,bulge
6VZJ_2753,bulge
6V3E_2695,bulge
8FLE_3578,bulge
6LQM_2418,bulge
6YWX_2881,bulge
8IR3_3622,bulge
9B0H_4141,bulge
6TC3_2680,bulge
7K54_3029,bulge
6ZTO_2926,bulge
5L3P_1954,bulge
7B5K_2970,bulge
8Y6O_3848,bulge
6X6T_2813,bulge
8URX_3919,bulge
5LZU_2008,bulge
8K2C_3958,bulge
6ZME_2898,bulge
6Z6N_2889,bulge
5AJ3_1784,bulge
5WDT_2162,bulge
4V70_1150,bulge
7M4U_3042,bulge
5T2A_2110,bulge
6YPU_2866,bulge
8OIS_3531,bulge
7PHC_3269,bulge
7JSZ_2994,bulge
5ZEB_2203,bulge
8FL7_3562,bulge
5ME0_2041,bulge
6DNC_2329,bulge
7JQQ_2990,bulge
8RCM_3786,bulge
5LZC_1990,bulge
6OT3_2585,bulge
8QRN_3946,bulge
8G5Z_3504,bulge
9GUW_4071,bulge
6SZS_2672,bulge
6HRM_2407,bulge
8OJ5_3752,bulge
9GHH_4190,bulge
6GZZ_2389,bulge
5WFS_2173,bulge
7A5G_2939,bulge
5WFS_2174,bulge
5ND8_2067,bulge
9NJV_4198,bulge
6Y0G_2852,bulge
8EIU_3428,bulge
8RCS_3791,bulge
4V6T_1137,bulge
6VYU_2727,bulge
9GUX_4073,bulge
6ZM6_2893,bulge
7MT2_3195,bulge
6ZTL_2919,bulge
4V5M_998,bulge
8FIZ_3456,bulge
9MQ4_4109,bulge
8FLA_3567,bulge
5IQR_1859,bulge
8FZD_3975,bulge
8G2U_3676,bulge
8PHJ_3698,bulge
9GUV_4067,bulge
7NAT_3078,bulge
8RRI_4125,bulge
8EKC_3421,bulge
7M4Z_3054,bulge
8WIF_3832,bulge
8P8W_4047,bulge
6Q9A_2634,bulge
7KWG_3031,bulge
8K0Q_3871,bulge
9GHH_4191,bulge
6ZSC_2910,bulge
5MDZ_2039,bulge
4V68_1077,bulge
6GWT_2369,bulge
5MMM_2052,bulge
5MY1_2062,bulge
5LZZ_2023,bulge
6WNW_2807,bulge
6WDD_2789,bulge
7JSZ_2995,bulge
6T59_2675,bulge
5OT7_2109,bulge
5ZLU_2211,bulge
6SZS_2671,bulge
3JA1_460,bulge
6OGF_2530,bulge
7NQH_3097,bulge
7PAJ_3253,bulge
7BOD_2974,bulge
9GUW_4070,bulge
8Y38_3998,bulge
6GXO_2379,bulge
8VFT_4081,bulge
5MDV_2030,bulge
6YSS_2871,bulge
8FMW_3664,bulge
8OVA_3687,bulge
9E7F_4051,bulge
6WDH_2795,bulge
8CF8_3598,bulge
5MRE_2058,bulge
5WF0_2170,bulge
5MLC_2047,bulge
7M4Y_3051,bulge
7AFA_2956,bulge
5ZLU_2212,bulge
6TMF_2684,bulge
4V69_1078,bulge
8FLB_3569,bulge
7N31_3072,bulge
5UZ4_2140,bulge
8QRM_3944,bulge
8Z71_1167,bulge
7D4I_666,bulge
5LZC_326,bulge
9NLE_1218,bulge
4CSU_116,bulge
4V8M_255,bulge
8RXX_1041,bulge
8E3M_900,bulge
8I9W_879,bulge
6PC5_491,bulge
6SNT_524,bulge
6YST_599,bulge
5M1J_338,bulge
7OLC_739,bulge
6I7O_456,bulge
8Q4F_1088,bulge
6I0Y_455,bulge
8I9R_875,bulge
9GHA_1206,bulge
6WD9_554,bulge
6WYV_572,bulge
8FKR_912,bulge
4V79_240,bulge
6ZQB_628,bulge
6GQV_435,bulge
6ZV6_641,bulge
8I9T_876,bulge
6XZB_581,bulge
6WD2_547,bulge
7K52_679,bulge
6OKK_478,bulge
6Z6J_602,bulge
6ME0_464,bulge
6HD7_451,bulge
9MOR_1185,bulge
5WE4_394,bulge
8Y0U_998,bulge
6ZOJ_624,bulge
8FKP_910,bulge
6WDA_555,bulge
6ZMI_618,bulge
5K0Y_319,bulge
8FKV_919,bulge
8RW1_1107,bulge
4UY8_195,bulge
8P8B_1142,bulge
8RXH_1039,bulge
5WDT_393,bulge
6OM0_483,bulge
5NWY_356,bulge
6PCT_499,bulge
6YAM_591,bulge
8FKX_923,bulge
4V6P_231,bulge
8RL2_1170,bulge
8ZDB_1189,bulge
9KPH_393,bulge
5MRC_172,bulge
6YWE_259,bulge
8I7N_318,bulge
3J6B_74,bulge
8WI7_345,bulge
8K2C_353,bulge
8PJ3_361,bulge
8P2G_349,bulge
8VIO_379,bulge
5O60_2037,hairpin
6TB3_2733,hairpin
6HTQ_2366,hairpin
6N8L_2443,hairpin
6OM0_2540,hairpin
6GZZ_2334,hairpin
6GZZ_2332,hairpin
6ND4_2448,hairpin
6S13_2671,hairpin
5UYK_2109,hairpin
5UYN_2112,hairpin
6RXV_2659,hairpin
6QDW_2620,hairpin
6SPF_2694,hairpin
6QTZ_2631,hairpin
6UZ7_2754,hairpin
6Q8Y_2614,hairpin
5M1J_1932,hairpin
6OIG_2512,hairpin
5ND8_1988,hairpin
4CSU_686,hairpin
6PCQ_2601,hairpin
3J92_593,hairpin
6N8J_2434,hairpin
6SJ6_2681,hairpin
5NJT_2027,hairpin
6HRM_2365,hairpin
6RW5_2656,hairpin
5LZC_1904,hairpin
6RXT_2657,hairpin
5WLC_2131,hairpin
6N8M_2445,hairpin
5LZX_1923,hairpin
6T83_2727,hairpin
6GZX_2329,hairpin
5ZEB_2164,hairpin
6N8K_2437,hairpin
6NY2_2477,hairpin
6TH6_2739,hairpin
3J7O_577,hairpin
5LZB_1902,hairpin
6S47_2672,hairpin
6M62_2399,hairpin
6OUO_2572,hairpin
5XXB_2153,hairpin
3J7O_4710,hairpin
5JB3_19878,hairpin
5JCS_19940,hairpin
3J7O_4702,hairpin
5AFI_18216,hairpin
5JBH_19879,hairpin
5GAK_19022,hairpin
5H1S_19047,hairpin
3J6B_4669,hairpin
5IT7_19360,hairpin
3J79_4679,hairpin
5FLX_18978,hairpin
5H4P_19069,hairpin
5IT9_19438,hairpin
5AJ3_18257,hairpin
5IT7_19366,hairpin
5IQR_19342,hairpin
5ANC_18301,hairpin
5APO_18330,hairpin
5AN9_18292,hairpin
5IT7_19361,hairpin
5JBH_19882,hairpin
5IQR_19343,hairpin
5AJ4_18272,hairpin
3J7O_4707,hairpin
5ANB_18297,hairpin
3J7O_4716,hairpin
5APN_18322,hairpin
5AJ3_18253,hairpin
5AJ4_18270,hairpin
5JTE_19970,hairpin
3J6B_4670,hairpin
5IT7_19359,hairpin
5GAE_19005,hairpin
5JB3_19868,hairpin
3J7O_4705,hairpin
5APO_18332,hairpin
5AJ0_18221,hairpin
3J3W_4626,hairpin
3J5L_4655,hairpin
5IMR_19311,hairpin
6GC4_10096,hairpin
6SKF_12036,hairpin
6OKK_11149,hairpin
6LQP_10605,hairpin
3JAH_2166,hairpin
5MGP_8534,hairpin
5WE4_9309,hairpin
6Q95_11673,hairpin
6SPB_12065,hairpin
5UYQ_9185,hairpin
6TBV_12247,hairpin
6TNN_12277,hairpin
5O2R_8814,hairpin
3JCJ_2295,hairpin
5NJT_8771,hairpin
6P5I_11482,hairpin
5MC6_8437,hairpin
6T59_12184,hairpin
6GC8_10121,hairpin
6MTE_10680,hairpin
5WFS_9354,hairpin
6MTE_10688,hairpin
6UZ7_12340,hairpin
5K0Y_8121,hairpin
6QIK_11737,hairpin
6FXC_10029,hairpin
6SWA_12149,hairpin
6NU2_10829,hairpin
6OM6_11206,hairpin
6I7O_10541,hairpin
6GC0_10089,hairpin
6Q9A_11705,hairpin
6C4I_9761,hairpin
6I7O_10533,hairpin
6GC0_10087,hairpin
5LKS_8211,hairpin
6QUL_11782,hairpin
6GZZ_10336,hairpin
6ORE_11284,hairpin
5KPV_8149,hairpin
6T7T_12206,hairpin
6GZZ_10320,hairpin
5WFK_9345,hairpin
6AZ3_9536,hairpin
6PCS_11608,hairpin
5UZ4_9200,hairpin
5WLC_9364,hairpin
6O9J_10981,hairpin
6BU8_9625,hairpin
6SV4_12126,hairpin
5T2A_8933,hairpin
5KPX_8176,hairpin
5UYL_9129,hairpin
5UQ8_9098,hairpin
6GZZ_10318,hairpin
5O61_8845,hairpin
6O9K_11002,hairpin
3JBP_2232,hairpin
5U9F_9054,hairpin
5UYL_9124,hairpin
6AWC_9524,hairpin
6OM0_11200,hairpin
6T7I_12189,hairpin
6UZ7_12331,hairpin
5MPS_8569,hairpin
6GBZ_10076,hairpin
3JAH_2170,hairpin
6OUO_11417,hairpin
6TC3_12258,hairpin
5LZV_8367,hairpin
6OM7_11220,hairpin
5TCU_9004,hairpin
6V39_12350,hairpin
6RI5_11889,hairpin
6T7I_12190,hairpin
6R7Q_11847,hairpin
5V7Q_9210,hairpin
6MTB_10656,hairpin
6O7K_10915,hairpin
6AZ3_9535,hairpin
6N8J_10695,hairpin
5MGP_8528,hairpin
6R84_11861,hairpin
3J7Z_2063,hairpin
6GC4_10097,hairpin
3JAM_2195,hairpin
6T7T_12208,hairpin
6OGG_11083,hairpin
5KPW_8157,hairpin
6GXM_10213,hairpin
6GXP_10260,hairpin
6MTE_10687,hairpin
6SZS_12166,hairpin
6RW5_11906,hairpin
5L3P_8194,hairpin
6GWT_10196,hairpin
6GQV_10151,hairpin
5LZW_8370,hairpin
5U4I_9035,hairpin
3JCN_2314,hairpin
6D90_9829,hairpin
6QTZ_11778,hairpin
6H58_10351,hairpin
6SPF_12100,hairpin
6OT3_11375,hairpin
6RM3_11896,hairpin
6S0Z_11977,hairpin
6QZP_11804,hairpin
6S05_11954,hairpin
5KPX_8181,hairpin
6OLG_11178,hairpin
3JCE_2272,hairpin
5NJT_8767,hairpin
6ENF_9929,hairpin
6RW5_11908,hairpin
3J5L_1992,hairpin
5MLC_8543,hairpin
6R7Q_11854,hairpin
6R6P_11837,hairpin
5UQ7_9089,hairpin
6GXO_10239,hairpin
6V3B_12373,hairpin
6HA8_10397,hairpin
3JCJ_2297,hairpin
5OT7_8918,hairpin
6TB3_12232,hairpin
4CSU_2423,hairpin
5U4I_9037,hairpin
5LZX_8392,hairpin
6Q9A_11712,hairpin
5X8T_9427,hairpin
6G5I_10053,hairpin
3JAP_2207,hairpin
6GAW_10061,hairpin
5XXU_9438,hairpin
5O5J_8826,hairpin
6OFX_11034,hairpin
6GC0_10083,hairpin
6P5I_11480,hairpin
6RXT_11910,hairpin
6OG7_11050,hairpin
6NU2_10823,hairpin
6R6P_11839,hairpin
6PCQ_11588,hairpin
6HMA_10481,hairpin
6FTG_10004,hairpin
6P4H_11471,hairpin
6RXY_11933,hairpin
5X8P_9416,hairpin
6ERI_9965,hairpin
6HRM_10496,hairpin
6ENU_9952,hairpin
6KL9_10580,hairpin
6HA1_10389,hairpin
5MDY_8480,hairpin
6TC3_12252,hairpin
5MDY_8472,hairpin
6GXM_10209,hairpin
3JCD_2260,hairpin
6GXP_10255,hairpin
6R6P_11834,hairpin
4A2I_2376,hairpin
6TNU_12297,hairpin
6T7I_12194,hairpin
5UQ8_9102,hairpin
3JBV_2248,hairpin
6SKG_12048,hairpin
6OGF_11067,hairpin
6I0Y_10520,hairpin
5LI0_8203,hairpin
6T83_12220,hairpin
6QYZ_11799,hairpin
5LZD_8296,hairpin
6PC8_11559,hairpin
5LZE_8308,hairpin
6P5K_11501,hairpin
6R6P_11841,hairpin
6PJ6_11632,hairpin
5MDZ_8491,hairpin
6GWT_10200,hairpin
5U9F_9062,hairpin
5LZZ_8411,hairpin
3JCJ_2298,hairpin
6OLE_11152,hairpin
6TC3_12257,hairpin
6O9K_11001,hairpin
6DZK_9888,hairpin
5UYM_9141,hairpin
3JCD_2266,hairpin
6HTQ_10510,hairpin
5T2A_8932,hairpin
6GAW_10062,hairpin
5NGM_8755,hairpin
6HTQ_10507,hairpin
6N8L_10714,hairpin
6GB2_10069,hairpin
5LZE_8307,hairpin
5KPV_8146,hairpin
6I0Y_10519,hairpin
6HMA_10484,hairpin
6FXC_10025,hairpin
6Q98_11700,hairpin
5LZU_8356,hairpin
3JBO_2222,hairpin
6SPD_12081,hairpin
5WLC_9363,hairpin
6G5I_10054,hairpin
5U9F_9058,hairpin
6T4Q_12176,hairpin
6S12_11991,hairpin
6Q98_11691,hairpin
4CSU_2422,hairpin
6DDG_9856,hairpin
6O7K_10916,hairpin
6O8Y_10953,hairpin
5T62_8951,hairpin
6NQB_10773,hairpin
6R6G_11826,hairpin
5LZV_8362,hairpin
6SPB_12070,hairpin
6M62_10635,hairpin
6ENU_9944,hairpin
6GC6_10103,hairpin
6OG7_11052,hairpin
6V3B_12367,hairpin
6FXC_10023,hairpin
5WFK_9349,hairpin
6R84_11856,hairpin
6OGG_11089,hairpin
3J7Q_2036,hairpin
5LZS_8328,hairpin
3JCT_2325,hairpin
6GXO_10242,hairpin
5ZET_9505,hairpin
6HCQ_10441,hairpin
5NO4_8784,hairpin
6QT0_11772,hairpin
3JAG_2155,hairpin
5V7Q_9204,hairpin
6ERI_9961,hairpin
3J7Q_2034,hairpin
6QUL_11783,hairpin
6QTZ_11776,hairpin
5LZV_8366,hairpin
6P5I_11481,hairpin
6V3D_12374,hairpin
5X8T_9424,hairpin
6HIV_10477,hairpin
3J9Z_2127,hairpin
6OM6_11214,hairpin
6GC7_10113,hairpin
3JAP_2206,hairpin
6QIK_11734,hairpin
5LZU_8351,hairpin
6Q98_11704,hairpin
6PC5_11538,hairpin
6S12_11989,hairpin
6PPK_11649,hairpin
6OGG_11087,hairpin
6GZX_10303,hairpin
3JCE_2280,hairpin
6QDW_11724,hairpin
3J9M_2096,hairpin
6D90_9823,hairpin
6QIK_11733,hairpin
4CXG_2431,hairpin
6SKG_12043,hairpin
5KPW_8162,hairpin
6ENF_9928,hairpin
6OGG_11081,hairpin
5LKS_8212,hairpin
6TPQ_12303,hairpin
5LZC_8275,hairpin
6RXT_11913,hairpin
5LZT_8345,hairpin
3J7P_2026,hairpin
6O8W_10927,hairpin
6PIJ_11622,hairpin
3JBU_2246,hairpin
5LZE_8303,hairpin
5KPS_8134,hairpin
6R6P_9187,hairpin
6D90_7614,hairpin
6GZ4_7978,hairpin
6SWA_9398,hairpin
5LZX_6532,hairpin
5MYJ_6687,hairpin
5ZET_7361,hairpin
5MMM_6653,hairpin
6FXC_7769,hairpin
6HTQ_8149,hairpin
3J9Z_1588,hairpin
6T7T_9442,hairpin
6GB2_7811,hairpin
3JBO_1655,hairpin
6V3D_9580,hairpin
3J6B_1482,hairpin
6HCJ_8087,hairpin
3JAJ_1629,hairpin
3JBN_1645,hairpin
6ORE_8776,hairpin
6R6G_9178,hairpin
6OGF_8604,hairpin
6OLE_8659,hairpin
3JBP_1661,hairpin
5U9F_7033,hairpin
6T7I_9435,hairpin
6FTJ_7762,hairpin
3J9Y_1579,hairpin
5LMO_6433,hairpin
6NU2_8396,hairpin
6OUO_8876,hairpin
3JAI_1624,hairpin
6P5N_8948,hairpin
6SWA_9403,hairpin
6N8M_8304,hairpin
6LQM_8214,hairpin
6OM7_8725,hairpin
5XXB_7308,hairpin
6ERI_7713,hairpin
6SV4_9371,hairpin
6TC3_9481,hairpin
5MYJ_6693,hairpin
6S0Z_9272,hairpin
6GC4_7834,hairpin
5ZEP_7354,hairpin
6ENU_7706,hairpin
5KPX_6401,hairpin
6OSK_8819,hairpin
5ND9_6725,hairpin
6HA1_8049,hairpin
5LZC_6464,hairpin
4CSU_1842,hairpin
6SPG_9369,hairpin
6S13_9289,hairpin
6TMF_9488,hairpin
6N8K_8288,hairpin
3J7Z_1526,hairpin
6C4I_7566,hairpin
6GC0_7826,hairpin
6O8W_8483,hairpin
6ORL_8787,hairpin
6T59_9430,hairpin
6NU2_8390,hairpin
5UYN_7115,hairpin
6MTB_8258,hairpin
6P5N_8949,hairpin
5ZET_7364,hairpin
6LQS_8217,hairpin
3J9Z_1590,hairpin
6GZZ_8013,hairpin
3J92_1547,hairpin
6HMA_8128,hairpin
6ENU_7707,hairpin
6O8Z_8513,hairpin
5LZF_6492,hairpin
5WDT_7239,hairpin
6SWA_9399,hairpin
5LZX_6536,hairpin
6DZI_7659,hairpin
5O60_6853,hairpin
5X8P_7287,hairpin
6R84_9205,hairpin
5UQ7_7059,hairpin
6FTI_7753,hairpin
6OM7_8728,hairpin
5O60_6862,hairpin
3J9W_1566,hairpin
5UYL_7097,hairpin
5JUU_6339,hairpin
6O8Z_8516,hairpin
6D9J_7620,hairpin
5OT7_6929,hairpin
6ENF_7688,hairpin
6O90_8532,hairpin
6ELZ_7678,hairpin
6GC8_7853,hairpin
6PC7_8973,hairpin
6TPQ_9516,hairpin
6TNU_9503,hairpin
6I7O_8174,hairpin
5JUU_6340,hairpin
6DNC_7642,hairpin
5WDT_7237,hairpin
3JBP_1666,hairpin
5UQ8_7076,hairpin
6SWD_9407,hairpin
6P5K_8943,hairpin
5U9F_7029,hairpin
6UZ7_9550,hairpin
5NP6_6822,hairpin
5V93_7176,hairpin
5O61_6868,hairpin
6R6P_9191,hairpin
6N8J_8281,hairpin
6FXC_7781,hairpin
6PCQ_8998,hairpin
6MTB_8259,hairpin
4CE4_1834,hairpin
3JBV_1676,hairpin
6DDD_7627,hairpin
5LZU_6510,hairpin
5LZE_6484,hairpin
5MGP_6623,hairpin
6TH6_9486,hairpin
6I7O_8180,hairpin
3JBU_1673,hairpin
6I9R_8195,hairpin
5LZX_6535,hairpin
6N8K_8289,hairpin
5MMI_6638,hairpin
6HCJ_8082,hairpin
5UYQ_7134,hairpin
6ORE_8781,hairpin
6ORL_8789,hairpin
6R7Q_9195,hairpin
6GZZ_8018,hairpin
3J9Y_1578,hairpin
6ELZ_7679,hairpin
6PVK_9068,hairpin
6S47_9291,hairpin
5UYP_7121,hairpin
6S47_9296,hairpin
5MRF_6684,hairpin
6SWA_9400,hairpin
5OA3_6878,hairpin
6R6P_9189,hairpin
6G18_7789,hairpin
6H58_8042,hairpin
6N8J_8280,hairpin
6PPF_9043,hairpin
6ENU_7709,hairpin
6O8Y_8505,hairpin
3JAH_1613,hairpin
3JAM_1634,hairpin
6OT3_8842,hairpin
6H58_8040,hairpin
6OLZ_8696,hairpin
3J9Z_1592,hairpin
5LZT_6507,hairpin
6OLF_8666,hairpin
5WE4_7248,hairpin
6GXO_7951,hairpin
6OGG_8610,hairpin
5MMJ_6644,hairpin
6GZX_8003,hairpin
6RBE_9221,hairpin
6AZ1_7392,hairpin
6Q98_9095,hairpin
6MTE_8272,hairpin
6FEC_7726,hairpin
5LZS_6499,hairpin
3JCD_1687,hairpin
6DNC_7639,hairpin
5KPX_6397,hairpin
3JAJ_1628,hairpin
6GXO_7948,hairpin
6SPB_9335,hairpin
6PCR_9009,hairpin
6GZX_8002,hairpin
5WFS_7274,hairpin
3J8G_1538,hairpin
5O60_6859,hairpin
6S0K_9251,hairpin
6O8W_8477,hairpin
3J6B_1481,hairpin
3J7Q_1508,hairpin
6UZ7_9548,hairpin
6OIG_8627,hairpin
5UYL_7098,hairpin
6PCR_9004,hairpin
3J9M_1555,hairpin
6RW5_9235,hairpin
6BU8_7458,hairpin
5UQ7_7056,hairpin
6I7O_8178,hairpin
6N8K_8285,hairpin
6PVK_9066,hairpin
3J7R_1512,hairpin
3J79_1491,hairpin
6OLG_8679,hairpin
5T6R_6972,hairpin
6OG7_8592,hairpin
5UQ8_7079,hairpin
5MGP_6622,hairpin
6OGG_8612,hairpin
6S0Z_9270,hairpin
5LZD_6473,hairpin
6S0K_9252,hairpin
6QIK_9112,hairpin
5UYM_7107,hairpin
5ADY_4880,hairpin
5AFI_4888,hairpin
5H1S_5113,hairpin
5IMQ_5191,hairpin
3J7A_1388,hairpin
5AKA_4908,hairpin
5G2X_5091,hairpin
3J77_1380,hairpin
5JTE_5351,hairpin
5H4P_5121,hairpin
3J45_1363,hairpin
5IMQ_5180,hairpin
5IT7_5213,hairpin
5ANB_4922,hairpin
