filename,label
4V72_892,internal
8G7S_3424,internal
8CRX_3054,internal
5AFI_14233,bulge
6GZQ_2328,hairpin
8PHJ_3348,internal
5IMQ_1369,internal
6YST_2259,internal
5GAK_14863,bulge
8BSJ_3047,internal
6AZ3_2179,hairpin
4CXH_441,internal
6VU3_2054,internal
4V4N_606,internal
7JT2_2451,internal
8RCM_3443,internal
6PC6_2598,hairpin
7LV0_2488,internal
5T2A_2067,hairpin
8P8B_3794,internal
7OIF_2711,internal
6OLF_2525,hairpin
8A3L_3107,internal
6GC8_1682,internal
7NWH_2570,internal
7JIL_2429,internal
7UVW_3081,internal
7OT5_2733,internal
5NWY_2034,hairpin
8Y38_3694,internal
6WDF_2154,internal
8EMM_3153,internal
4V7B_925,internal
8XZ3_3703,internal
6GC0_2291,hairpin
9MQ4_3894,internal
8ZTV_3954,internal
5JTE_15672,bulge
8RCM_3447,internal
5AJ0_14245,bulge
8RCL_3501,internal
8YOP_3649,internal
7SYO_2890,internal
6Q95_1969,internal
9B0H_3961,internal
5AFI_14235,bulge
6RXV_2659,hairpin
7O1A_2582,internal
6YAM_2233,internal
8P7X_3789,internal
6YSS_2256,internal
7PJU_2642,internal
7MT7_2694,internal
6SPG_2011,internal
8CGV_3222,internal
6YEF_2238,internal
7XNY_3096,internal
5IT9_15227,bulge
3J9W_599,hairpin
9MQ4_3892,internal
5T6R_2079,hairpin
7K52_2470,internal
7O7Z_2593,internal
5AJ3_14280,bulge
8AYE_3030,internal
9J3T_3990,internal
6TH6_2739,hairpin
8Z70_3836,internal
6WRS_2189,internal
8EKC_2997,internal
8OM2_3363,internal
5MDZ_1449,internal
7OII_2726,internal
8YUP_3773,internal
5LZY_1927,hairpin
5IT7_15156,bulge
7AFD_2385,internal
8QBT_3508,internal
7UNW_2930,internal
8ZTV_3955,internal
6FYX_2287,hairpin
5MMI_1951,hairpin
7NSQ_2566,internal
5LZX_1432,internal
7OTC_2739,internal
6GZ3_2318,hairpin
6OUO_1918,internal
4V6N_852,internal
7BL4_2408,internal
6OST_1901,internal
8HTZ_3524,internal
5A9Z_1309,internal
6ZU5_2323,internal
7M4V_2492,internal
9GFT_3909,internal
3J5L_2933,bulge
6GZ3_1706,internal
7WTS_2934,internal
5APN_14341,bulge
7K53_2474,internal
8EWC_3281,internal
6V3B_2048,internal
8RDV_3407,internal
7MT3_2692,internal
9GHA_4009,internal
7UG7_2917,internal
8PEG_3427,internal
5NCO_1984,hairpin
3J7O_2983,bulge
5LZZ_1438,internal
6S47_2674,hairpin
3J9Z_400,internal
5APN_14347,bulge
5GAK_14869,bulge
8SYL_3231,internal
5O2R_2035,hairpin
8RPY_3577,internal
6R7Q_1987,internal
5OT7_2063,hairpin
3J92_592,hairpin
9GGR_3926,internal
6GC4_1679,internal
5IQR_15134,bulge
6I0Y_2369,hairpin
8R3V_3436,internal
6FXC_2281,hairpin
8XZ3_3704,internal
8QOA_3516,internal
8BGH_3242,internal
5O60_2037,hairpin
7PJX_2654,internal
6YSS_2255,internal
8AKN_3021,internal
6SV4_2698,hairpin
7UVW_3082,internal
5MMM_1952,hairpin
7ST6_2871,internal
6Y57_2227,internal
4V6K_839,internal
4UY8_573,internal
6V3D_2051,internal
6ZTJ_2294,internal
8VRL_3942,internal
9GHF_4031,internal
8V83_3545,internal
6XIR_2221,internal
7PJY_2660,internal
8FKW_3201,internal
8ZDC_3904,internal
7OYD_2742,internal
8A5I_2970,internal
9MQ4_3897,internal
8VRL_3943,internal
5LZV_1428,internal
8HSP_3523,internal
6WD2_2115,internal
6OST_2564,hairpin
7Y7F_3302,internal
6WDD_2146,internal
5LZX_1923,hairpin
5UQ8_2108,hairpin
5AJ3_14278,bulge
8FZJ_3674,internal
7PIA_2792,internal
7PJY_2658,internal
9NL5_4054,internal
8G6W_3133,internal
5AJ4_14287,bulge
5GAK_14868,bulge
5AFI_14220,bulge
5IMQ_15098,bulge
5JTE_15656,bulge
4V6Z_881,internal
7MT2_2690,internal
8UU7_3474,internal
5AJ0_14266,bulge
4V6K_840,internal
6V3D_2769,hairpin
7PAJ_2763,internal
5JB3_15596,bulge
6R87_2649,hairpin
8A3L_3106,internal
8CGD_3215,internal
8EMM_3152,internal
7O19_2577,internal
5AJ3_14274,bulge
4V6Q_862,internal
5MDV_1440,internal
5JTE_15657,bulge
7SSD_2853,internal
6OSQ_1897,internal
8R8M_3682,internal
7ACJ_2373,internal
9NL5_4057,internal
5AJ3_14276,bulge
3JCE_641,hairpin
6ZU1_2320,internal
9C6K_3830,internal
7P7S_2753,internal
6W7M_2105,internal
6O8Z_1831,internal
7OT5_2732,internal
7PAM_2769,internal
3J7P_579,hairpin
8G31_3327,internal
6N7P_1772,internal
6TH6_2737,hairpin
5AA0_1312,internal
9MQ4_3893,internal
3J5L_2930,bulge
5AFI_14234,bulge
4V74_900,internal
7BL6_2413,internal
6LQM_2390,hairpin
7PIQ_2800,internal
8RWG_3899,internal
8RCM_3445,internal
6H58_2338,hairpin
5APN_14331,bulge
8G38_3337,internal
5AFI_14240,bulge
5GAK_14872,bulge
6VWN_2063,internal
8CGK_3205,internal
8QCQ_3514,internal
7PNY_2805,internal
8R3V_3434,internal
9HA5_3874,internal
7SYN_2888,internal
6RW4_1994,internal
3IZZ_375,internal
6ZXF_2339,internal
7A09_2348,internal
8BRM_3040,internal
6ZXE_2338,internal
6PCS_2603,hairpin
6PCH_1950,internal
6VWL_2058,internal
9GUW_3825,internal
7TTU_2908,internal
8ZTU_3948,internal
6WDH_2158,internal
6OLI_2533,hairpin
6TNN_2743,hairpin
4V4V_619,internal
8R6C_3681,internal
5JUU_1851,hairpin
4UJC_565,internal
6R6G_2637,hairpin
7P7S_2752,internal
4CXG_440,internal
5IQR_15149,bulge
6P5N_1940,internal
7K00_2460,internal
9J3R_3981,internal
8AYE_3032,internal
6RW5_2656,hairpin
8P2H_3542,internal
7OIF_2712,internal
8PKL_3433,internal
5A2Q_1305,internal
8BHL_3255,internal
7NHL_2539,internal
7SFR_2851,internal
8G2U_3322,internal
7PI8_2788,internal
6TNN_2036,internal
6GZZ_2336,hairpin
5H4P_14912,bulge
7M4Z_2501,internal
7N2C_2508,internal
9GHB_4012,internal
6WRU_2193,internal
3JAI_614,hairpin
5LZT_1911,hairpin
7LVK_2678,internal
9GHA_4008,internal
9NL7_4065,internal
7NHN_2547,internal
5APN_14346,bulge
8P03_3504,internal
4V6Y_876,internal
6O8Z_1830,internal
4V6Q_859,internal
6R6G_2638,hairpin
5LZY_1926,hairpin
3J7O_2990,bulge
6GXP_1704,internal
5WF0_2128,hairpin
8P5D_3161,internal
7NWH_2572,internal
5M1J_1932,hairpin
9H3R_3858,internal
8ETJ_3004,internal
6I7O_1739,internal
5H1S_14898,bulge
8P8W_3797,internal
8FZF_3624,internal
8RQ2_3584,internal
6GZ5_2326,hairpin
8K4E_3676,internal
7SFR_2849,internal
6H58_1719,internal
5AFI_14217,bulge
5AFI_14218,bulge
6YSR_2252,internal
5JTE_1377,internal
5H1S_14896,bulge
5IT7_15157,bulge
5KPX_1859,hairpin
6R5Q_2636,hairpin
5FLX_14835,bulge
6HA8_1729,internal
3JCD_640,hairpin
6VZJ_2094,internal
5UQ8_2107,hairpin
7PIP_2798,internal
5AJ4_14290,bulge
7UNU_2924,internal
6QIK_2623,hairpin
8UUA_3483,internal
6QDW_1979,internal
5AJ4_14293,bulge
8V83_3547,internal
5IT9_15222,bulge
6XDQ_2207,internal
8PHJ_3347,internal
6WDI_2163,internal
6W77_2103,internal
8TJQ_3320,internal
7JQB_2433,internal
9GHC_4017,internal
8C92_3117,internal
7QH4_2820,internal
7K50_2461,internal
9NJF_4045,internal
8VKW_3936,internal
6HCQ_2354,hairpin
6H4N_1715,internal
3J5L_2926,bulge
6W6K_2101,internal
8HD6_3078,internal
7Q4K_2980,internal
7SYJ_2881,internal
5JBH_15606,bulge
7PHB_2785,internal
7P7Q_2746,internal
9NLF_4073,internal
8ZDC_3905,internal
8VKI_3934,internal
7QVP_2834,internal
8CD1_3373,internal
5T5H_2070,hairpin
6YAL_2232,internal
6O8Y_2494,hairpin
5AJ0_14249,bulge
7R4X_3017,internal
5UYM_2111,hairpin
5AN9_14316,bulge
7OIG_2716,internal
7QVP_2833,internal
3J79_2963,bulge
7PJU_2640,internal
3J7A_2974,bulge
5IT7_15165,bulge
3JCE_414,internal
3J79_2959,bulge
8EIU_3014,internal
9GGR_3921,internal
5AFI_14221,bulge
6HTQ_2368,hairpin
8CEU_3212,internal
5MDY_1446,internal
6ZTJ_2292,internal
6PCT_1960,internal
5T2A_2068,hairpin
6N8N_2446,hairpin
7MT7_2695,internal
6T59_2720,hairpin
8RCS_3449,internal
8FR8_3142,internal
6WDK_2167,internal
8PJ6_3715,internal
7P3K_2631,internal
7K00_2458,internal
5O61_2038,hairpin
7PJV_2644,internal
3J7A_2971,bulge
6RI5_2652,hairpin
9J1M_3977,internal
6PCR_2602,hairpin
3J5Y_570,hairpin
6WD2_2112,internal
3J5L_382,internal
6WDM_2172,internal
8YUP_3771,internal
6T83_2727,hairpin
3J6B_2939,bulge
5NGM_2022,hairpin
6RXY_2660,hairpin
6HCJ_2350,hairpin
5JBH_15609,bulge
5IQR_15141,bulge
7TQL_2905,internal
5LZE_1412,internal
3Jan_618,hairpin
8CD1_3374,internal
5APN_14345,bulge
6SKG_2004,internal
9J3T_3987,internal
9GGR_3927,internal
6VWL_2055,internal
6W7N_2106,internal
6NU3_2468,hairpin
5O60_2036,hairpin
9B1W_4002,internal
5GAN_14877,bulge
4V76_908,internal
9H3S_3859,internal
7P7U_2756,internal
8UKB_3799,internal
6RM3_2654,hairpin
8V83_3546,internal
3J7O_2989,bulge
7TTU_2909,internal
5AKA_14307,bulge
6TMF_2742,hairpin
5KPW_1392,internal
5NJT_2026,hairpin
3J9W_394,internal
8G7Q_3415,internal
6VZ3_2088,internal
5AFI_14225,bulge
6OSK_1891,internal
5GAK_14861,bulge
6S0K_2001,internal
4V75_901,internal
7WTS_2935,internal
8T3C_3832,internal
8FTO_3225,internal
8Y37_3691,internal
6S13_2671,hairpin
3J6B_2936,bulge
5APN_14335,bulge
6OT3_1907,internal
9NL5_4056,internal
8IPA_3401,internal
5IQR_15137,bulge
4V6Y_877,internal
6XA1_2205,internal
8C96_3119,internal
9H3V_3865,internal
8UQL_3591,internal
6ORL_1882,internal
7ACR_2376,internal
5GM6_14883,bulge
6Y69_2228,internal
7JIL_2430,internal
5LZZ_1437,internal
6HCM_2351,hairpin
6XDR_2210,internal
6Y69_2230,internal
8URH_3600,internal
8UU9_3481,internal
5IMQ_15111,bulge
9HAI_3877,internal
5IT7_15161,bulge
5IT7_15168,bulge
6OLE_2523,hairpin
6Q9A_1972,internal
6R86_2646,hairpin
8YUR_3780,internal
6XIQ_2219,internal
7N2U_2513,internal
5JTE_15675,bulge
6WDI_2161,internal
5ZET_2171,hairpin
8WIB_3493,internal
7SYM_2885,internal
5APO_14356,bulge
3J7O_2985,bulge
6VWL_2057,internal
5JTE_15663,bulge
3J7A_2973,bulge
5IQR_1370,internal
2J28_285,internal
6SV4_2014,internal
6NU2_1803,internal
6H4N_1712,internal
8YUR_3783,internal
8P60_3163,internal
3J7P_3001,bulge
6FTJ_2277,hairpin
5APO_14348,bulge
6WDF_2152,internal
8P2H_3544,internal
4UJD_568,internal
8ZTU_3950,internal
4UY8_571,internal
7K50_2462,internal
7B5K_2401,internal
7AS9_2397,internal
5AKA_14301,bulge
7B5K_2399,internal
5MDW_1444,internal
8PJ3_3710,internal
6TNU_2745,hairpin
7S1G_2666,internal
8BSJ_3046,internal
6YDP_2235,internal
3J8G_389,internal
8QOI_3605,internal
8G7S_3425,internal
6ZSC_2287,internal
6ZOJ_2276,internal
6QZP_2634,hairpin
5AJ4_14283,bulge
8R8M_3683,internal
7O5H_2592,internal
4V6M_847,internal
6YSU_2262,internal
6GXO_2314,hairpin
5JB3_15598,bulge
8R3V_3435,internal
7PJZ_2664,internal
8URY_3610,internal
9GHH_4036,internal
5APN_14328,bulge
7OIF_2713,internal
3J9W_601,hairpin
8CEU_3213,internal
6VWN_2064,internal
7OI0_2611,internal
8P18_3573,internal
8VFT_3841,internal
3JCT_647,hairpin
6MTC_1758,internal
3J5L_2925,bulge
5ANC_14327,bulge
7KGB_2673,internal
7K51_2465,internal
8BIM_3266,internal
7K50_2464,internal
7PHC_2786,internal
8OM3_3364,internal
7D6Z_2422,internal
5GAE_14846,bulge
6YDW_2237,internal
5IT7_15155,bulge
6OSQ_1896,internal
6CB1_2234,hairpin
6RW5_1995,internal
6GXO_1700,internal
6TPQ_2040,internal
4V7E_930,internal
8YUS_3785,internal
7PIB_2793,internal
8WI8_3491,internal
6GWT_1694,internal
5GAE_14845,bulge
8BIM_3267,internal
6O8X_2489,hairpin
5A2Q_1304,internal
6P5K_2592,hairpin
3J5L_568,hairpin
5IQR_15151,bulge
7M4Z_2500,internal
5MDV_1442,internal
7M4V_2491,internal
9H3Y_3870,internal
7N31_2527,internal
6SZS_2019,internal
5LZZ_1930,hairpin
6V3A_2046,internal
6XA1_2206,internal
8JDK_3343,internal
8RQ0_3582,internal
8UU4_3462,internal
5NJT_2027,hairpin
6XIR_2222,internal
5AFI_1319,internal
7UVY_3086,internal
7OJ0_2618,internal
8FZI_3668,internal
6TC3_2030,internal
8HTZ_3526,internal
6ZSG_2291,internal
8FR8_3141,internal
5GAO_14879,bulge
4V73_897,internal
7S0S_2839,internal
9D89_3850,internal
6GC7_1681,internal
3JBO_407,internal
6YS3_2244,internal
9C6J_3829,internal
8P18_3572,internal
3J9Z_399,internal
6ZTM_2302,internal
9H3P_3855,internal
7JSZ_2443,internal
7OE1_2597,internal
6WDE_2150,internal
5XXB_2155,hairpin
7A01_2346,internal
8URI_3601,internal
7BL6_2412,internal
6OT3_1908,internal
5LZD_1410,internal
7PJV_2646,internal
8WIC_3495,internal
5GAE_14858,bulge
4V6M_850,internal
8FZJ_3673,internal
5H4P_14901,bulge
8R55_3367,internal
3J9M_392,internal
8VSA_3552,internal
5KPX_1395,internal
6PJ6_2606,hairpin
6S12_2669,hairpin
5LZE_1906,hairpin
4V6L_843,internal
8EMM_3155,internal
6TC3_2028,internal
7Y7C_3291,internal
5LZW_1920,hairpin
7OQC_2627,internal
6TC3_2736,hairpin
5ZEP_2168,hairpin
5IMQ_15106,bulge
7OHS_2603,internal
8P2F_3535,internal
5JUU_1853,hairpin
6HTQ_1735,internal
3JA1_605,hairpin
6TC3_2029,internal
7SYX_2904,internal
7ST2_2865,internal
5IT7_15174,bulge
5KPV_1390,internal
6WNT_2177,internal
5LZE_1415,internal
8FZH_3663,internal
8UU9_3479,internal
6FTG_2274,hairpin
7OT5_2730,internal
8BH6_3283,internal
6SPB_2690,hairpin
7TTW_2910,internal
6HA8_2346,hairpin
7A5I_2357,internal
5JBH_15604,bulge
6SKG_2686,hairpin
6MTD_1759,internal
6R87_2648,hairpin
5KPV_1857,hairpin
9GFT_3913,internal
6ZXE_2337,internal
5JU8_1380,internal
9NLE_4069,internal
8T5H_3738,internal
9NJV_4047,internal
6SKG_2003,internal
8RPZ_3579,internal
3J9W_393,internal
5JTE_15666,bulge
9HA3_3873,internal
6O90_1832,internal
6SZS_2021,internal
6SV4_2702,hairpin
6WDM_2173,internal
6ZV6_2328,internal
7PJZ_2663,internal
7QV2_2829,internal
6V39_2756,hairpin
6Q97_2617,hairpin
7PJY_2659,internal
8RCT_3456,internal
8Q7Z_3728,internal
8V84_3550,internal
6OM0_2540,hairpin
6Q95_2615,hairpin
5AKA_14300,bulge
5LZF_1419,internal
6X6T_2198,internal
6GZ3_2317,hairpin
6YS3_2246,internal
5LZW_1921,hairpin
7N2C_2509,internal
9J1M_3978,internal
5H4P_14905,bulge
9GHA_4010,internal
8RQ2_3585,internal
8WI7_3490,internal
6HA1_1727,internal
4V6Q_861,internal
5AFI_14232,bulge
3J7P_3003,bulge
5IT7_15160,bulge
8CCS_3285,internal
9NLE_4070,internal
5IT7_15167,bulge
8OIP_3156,internal
6R7Q_1988,internal
7Y7E_3301,internal
8VIO_3930,internal
9GGR_3922,internal
6XIJ_2216,internal
7PJX_2652,internal
6ZTO_2312,internal
5MGP_1454,internal
6ZTJ_2296,internal
8RPZ_3580,internal
6ZSA_2285,internal
6FXC_2279,hairpin
6V3A_2047,internal
8YLR_3834,internal
6P5J_1938,internal
6I0Y_1737,internal
9GFT_3910,internal
8P2F_3534,internal
9NLQ_4086,internal
5UYQ_2114,hairpin
8UU6_3470,internal
8ETI_3003,internal
6HCF_2347,hairpin
6N8J_2435,hairpin
8P2H_3541,internal
6OG7_1846,internal
9GUP_3819,internal
7XNX_3095,internal
7Y41_3097,internal
5ADY_14214,bulge
5AKA_14304,bulge
6OLZ_2534,hairpin
8ZTV_3952,internal
6SPB_2691,hairpin
8I9X_3148,internal
6VZ7_2092,internal
5ND9_1989,hairpin
5A9Z_1308,internal
6MTD_2417,hairpin
8YUO_3766,internal
6WD6_2125,internal
6V3B_2767,hairpin
8FZD_3654,internal
5H4P_14906,bulge
7P7U_2757,internal
5IMQ_15094,bulge
9BKD_3748,internal
8BHJ_3250,internal
6OGG_1852,internal
6VWM_2060,internal
7RYG_2837,internal
4V70_883,internal
5AFI_14219,bulge
9J3R_3980,internal
8XXL_3554,internal
3J5L_2934,bulge
5IT7_15178,bulge
6WU9_2194,internal
6WYV_2195,internal
6WDH_2159,internal
6OSK_2562,hairpin
4V5M_739,internal
5H4P_14913,bulge
8YUR_3782,internal
6ZON_2280,internal
7AQC_2389,internal
5APN_14344,bulge
5AJ4_14289,bulge
3J79_383,internal
6SJ6_2681,hairpin
3J3W_379,internal
3J8G_591,hairpin
6ZV6_2327,internal
7ST2_2868,internal
6WNT_2176,internal
7QV3_2831,internal
6H58_1723,internal
6X7F_2199,internal
7TTU_2907,internal
5LZS_1421,internal
6H58_1724,internal
6YSU_2266,internal
7MDZ_2502,internal
5O61_2039,hairpin
8RRI_3945,internal
6WQN_2185,internal
5IMR_15116,bulge
7JIL_2427,internal
6OT3_2566,hairpin
3J7P_2998,bulge
4V79_918,internal
6V3D_2771,hairpin
4V6L_845,internal
6GZZ_2331,hairpin
5LKS_1865,hairpin
6PCT_1962,internal
4CSU_437,internal
6ZVK_2334,internal
6Q95_1970,internal
5APN_14339,bulge
5AJ0_14250,bulge
8PJ4_3712,internal
8RCL_3500,internal
6O9J_1838,internal
7JT3_2456,internal
9GR1_3815,internal
5LI0_1861,hairpin
7QV1_2826,internal
5MDY_1939,hairpin
7OTC_2738,internal
6TPQ_2746,hairpin
5GAK_14859,bulge
6SGC_2678,hairpin
7LS2_2485,internal
6R5Q_1984,internal
6V39_2043,internal
7PAJ_2764,internal
5IT7_15164,bulge
6GQ1_2296,hairpin
7PJX_2655,internal
7SSW_2863,internal
6ZOJ_2275,internal
8PEG_3429,internal
3J5L_2927,bulge
7UNV_2928,internal
4V5H_719,internal
8FZD_3650,internal
7UVX_3084,internal
5AJ3_14279,bulge
6H58_1717,internal
8T5H_3741,internal
5KPV_1391,internal
8FTO_3226,internal
8XXM_3556,internal
3J79_2961,bulge
8WI8_3492,internal
8S1P_3607,internal
8RCS_3451,internal
9H3T_3862,internal
4V76_906,internal
8YP6_3946,internal
8FZD_3652,internal
8VR8_3940,internal
6QTZ_2632,hairpin
8WHY_3487,internal
6I0Y_1738,internal
6Y2L_2225,internal
5JTE_15658,bulge
8UUA_3484,internal
5FLX_14838,bulge
8AKN_3024,internal
7OIZ_2614,internal
6WNW_2184,internal
5IT7_15153,bulge
8P60_3162,internal
6I7O_1740,internal
8ZTU_3951,internal
9H3O_3854,internal
7MT2_2691,internal
7MSZ_2688,internal
6O9J_1836,internal
6S0K_2000,internal
6MTE_1761,internal
4V6M_849,internal
7NWW_2705,internal
7SYT_2895,internal
8FZH_3666,internal
3JAG_607,hairpin
8Y36_3690,internal
5IMQ_15102,bulge
4V73_896,internal
4V75_904,internal
8G6X_3057,internal
6I9R_2376,hairpin
5JU8_1379,internal
8UPO_3588,internal
5IT9_15225,bulge
7UVZ_3087,internal
4ADV_435,internal
5JTE_15677,bulge
6C4I_2215,hairpin
6X6T_2197,internal
7N2U_2511,internal
9MOR_3887,internal
6FRK_2269,hairpin
8B7Y_3012,internal
6SKG_2005,internal
6OSQ_1899,internal
7NHK_2534,internal
8T5D_3736,internal
3J7Y_586,hairpin
8CGD_3217,internal
6VZ5_2089,internal
9GHG_4033,internal
8URI_3602,internal
6ZTO_2313,internal
6NU2_2465,hairpin
6OLE_2521,hairpin
9GHE_4027,internal
8RXH_3561,internal
7Y7D_3295,internal
5UYK_2109,hairpin
8IFB_3395,internal
7PAT_2777,internal
7NSQ_2568,internal
7SYM_2886,internal
6WD5_2122,internal
6VZ2_2085,internal
9MQ4_3895,internal
8TPU_3719,internal
9NLQ_4084,internal
7NWT_2575,internal
3J7P_2996,bulge
8GLP_3138,internal
8RCS_3453,internal
8UR0_3598,internal
7NWW_2704,internal
5AFI_14241,bulge
8FZE_3657,internal
6SV4_2706,hairpin
5FLX_14837,bulge
6DZI_2256,hairpin
8RCM_3446,internal
3JCJ_417,internal
6SNT_2689,hairpin
3JBP_636,hairpin
8T5D_3733,internal
7AC7_2367,internal
5JTE_15661,bulge
6WDK_2166,internal
4V74_899,internal
9N2B_3992,internal
8HTZ_3525,internal
6OG7_2508,hairpin
8E3O_3180,internal
5IMQ_15107,bulge
5IT7_15180,bulge
8T5D_3734,internal
8Z70_3837,internal
3JCD_639,hairpin
5K0Y_1384,internal
8BUU_3110,internal
8V84_3548,internal
6HCJ_2349,hairpin
7OLD_2727,internal
7OG4_2599,internal
7QI6_3140,internal
6GZ4_1708,internal
6OLG_2530,hairpin
5H1S_14889,bulge
8FMW_3316,internal
6I7O_2371,hairpin
6W2S_2096,internal
7P7R_2748,internal
3J7O_2991,bulge
7OJ0_2622,internal
6N8M_1775,internal
8R6C_3680,internal
8G7R_3419,internal
6ZTL_2297,internal
5JTE_15676,bulge
7Y7E_3300,internal
6VWM_2061,internal
8R6C_3678,internal
8YUS_3788,internal
6OLZ_2537,hairpin
9GHF_4029,internal
6ZTL_2298,internal
5NP6_2032,hairpin
7ACR_2379,internal
7PI9_2789,internal
8P2H_3543,internal
8SYL_3233,internal
8G7Q_3414,internal
4A2I_434,internal
6WD0_2107,internal
5APN_14336,bulge
5LZT_1912,hairpin
5AFI_14236,bulge
8YOO_3647,internal
9B24_4007,internal
6ZOK_2277,internal
6YST_2258,internal
3J6B_2945,bulge
6T7T_2724,hairpin
6H58_1726,internal
8ETG_3002,internal
6YS3_2245,internal
7SYG_2874,internal
6SPG_2697,hairpin
5IQR_15147,bulge
4V75_903,internal
6PCR_1957,internal
6PC5_2597,hairpin
9H3Z_3871,internal
8R55_3370,internal
6ZM6_2270,internal
6VWM_2059,internal
6NY2_2477,hairpin
7PAN_2770,internal
4V74_898,internal
3J7Z_387,internal
8FIZ_3061,internal
6ZSB_2286,internal
5ZEB_2164,hairpin
5JTE_1375,internal
6MTC_2414,hairpin
6W7M_2104,internal
5MDY_1447,internal
6ZU1_2319,internal
9NJF_4042,internal
5ZLU_2174,hairpin
5IMQ_15113,bulge
5ND9_1993,hairpin
7OJ0_2619,internal
5JBH_15611,bulge
5ND9_1992,hairpin
6QTZ_2631,hairpin
8W51_3746,internal
6K0B_2388,hairpin
8ETC_3001,internal
8AKN_3022,internal
6ZTP_2317,internal
9MOR_3890,internal
4V6R_864,internal
9NLJ_4081,internal
6WD1_2111,internal
7SSO_2858,internal
9C6I_3828,internal
3JAP_620,hairpin
5JTE_15664,bulge
5MDZ_1940,hairpin
6ZXG_2341,internal
7AF3_2381,internal
5AN9_14315,bulge
6DNC_2253,hairpin
6WD9_2136,internal
6S47_2672,hairpin
8Y36_3689,internal
7JQB_2432,internal
5FLX_1353,internal
6D9J_2247,hairpin
5OPT_2059,hairpin
6RI5_1992,internal
5T62_2075,hairpin
8BGH_3246,internal
6P5I_2584,hairpin
9N2B_3993,internal
6SPB_2007,internal
7PJT_2636,internal
6ZSD_2288,internal
8B0X_2991,internal
6V3B_2766,hairpin
5FLX_14836,bulge
7M5D_2683,internal
6Q8Y_1966,internal
5LZU_1426,internal
5LZC_1405,internal
6VLZ_2774,hairpin
6I0Y_1736,internal
6FXC_2285,hairpin
8XSY_3641,internal
5AKA_1326,internal
8RCL_3498,internal
6QT0_1982,internal
6VZ5_2090,internal
8G60_3126,internal
6O9K_1839,internal
8A5I_2971,internal
9J3T_3988,internal
5IQR_15139,bulge
5AKA_14297,bulge
8BGE_3240,internal
7JT1_2447,internal
3J7R_584,hairpin
5KPW_1858,hairpin
4V5H_720,internal
7OIZ_2615,internal
8RCT_3458,internal
9NLB_4066,internal
5GAK_14866,bulge
3J79_2952,bulge
8R55_3368,internal
7S1G_2668,internal
5IMR_15127,bulge
6MTB_2411,hairpin
6YSR_2249,internal
8ANA_3028,internal
6ZMT_2272,internal
9MOR_3889,internal
6X7F_2200,internal
6VYR_2070,internal
6VZJ_2093,internal
7NHM_2542,internal
7UCK_2914,internal
5AN9_14313,bulge
7SYR_2893,internal
8IFC_3399,internal
6T59_2719,hairpin
5JTE_15678,bulge
6PC8_1948,internal
7N31_2524,internal
8Y39_3698,internal
6OM7_2542,hairpin
8RCL_3499,internal
4V6T_869,internal
6ZTO_2311,internal
6WDA_2139,internal
8V84_3551,internal
3J7P_3004,bulge
6GC8_1683,internal
6HRM_2365,hairpin
7K5I_2482,internal
7PJY_2657,internal
8B0X_2993,internal
5AKA_14310,bulge
6T4Q_2717,hairpin
3J79_2951,bulge
5T62_2074,hairpin
7K52_2469,internal
4V7A_921,internal
8G7P_3410,internal
6ZTM_2305,internal
7UVY_3085,internal
8P18_3574,internal
8Q87_3731,internal
8I9Y_3149,internal
7UW1_3089,internal
9B0F_3956,internal
9B0P_3965,internal
4V70_885,internal
5GAK_14860,bulge
8Y36_3688,internal
8XP3_3803,internal
6OM6_1868,internal
8OM4_3365,internal
7OE0_2596,internal
6OM6_2541,hairpin
7Y7E_3298,internal
6WD8_2132,internal
8XT0_3644,internal
5X8P_2148,hairpin
9NLJ_4082,internal
8BF9_3314,internal
8EIU_3013,internal
8XSX_3639,internal
8RDV_3406,internal
5KPS_1388,internal
8RCM_3441,internal
9GHB_4015,internal
7SYL_2884,internal
3J7Z_587,hairpin
7SAE_2847,internal
5MYJ_1965,hairpin
7SSL_2855,internal
6OLZ_2536,hairpin
6ORL_1883,internal
5AKA_14302,bulge
6H58_1722,internal
4V6Z_880,internal
5JB3_15594,bulge
8HU1_3530,internal
8QOI_3606,internal
5APO_1331,internal
8Y0W_3386,internal
8G7Q_3417,internal
5JTE_15667,bulge
5APO_14361,bulge
5IMR_15126,bulge
7O1C_2590,internal
7AS9_2396,internal
4D5L_442,internal
6HA8_1730,internal
3J9W_395,internal
7PJV_2647,internal
7NSP_2564,internal
7QIZ_2824,internal
6Q95_1968,internal
7Y7F_3305,internal
6VWM_2062,internal
6YST_2261,internal
7Y7D_3296,internal
8FTO_3224,internal
7M4X_2496,internal
8URY_3611,internal
7SSN_2856,internal
7OJ0_2620,internal
9NLQ_4085,internal
6WDI_2162,internal
3J9M_597,hairpin
5KPS_1385,internal
6VYZ_2083,internal
7ABZ_2364,internal
6C0F_2213,hairpin
6TMF_2740,hairpin
3J9Z_603,hairpin
6ZP4_2282,internal
3J5L_2932,bulge
6GXO_1702,internal
6ORE_1880,internal
7S1I_2841,internal
9NL6_4060,internal
8UU5_3467,internal
5IMQ_15101,bulge
8P2F_3536,internal
6GZ5_1709,internal
8FIZ_3060,internal
8FN2_3317,internal
8SYL_3234,internal
7NWW_2702,internal
8BSI_3041,internal
3J80_588,hairpin
6SPD_2008,internal
7A5K_2358,internal
6OSK_1893,internal
5AA0_1314,internal
6ORL_2557,hairpin
7NAR_2529,internal
6GZ5_1710,internal
8YUO_3768,internal
6NEQ_2455,hairpin
6RZZ_2662,hairpin
8YOO_3646,internal
8EKC_2998,internal
7K50_2463,internal
3J7P_2993,bulge
7P3K_2630,internal
7SYK_2882,internal
5H1S_1360,internal
9B0R_3970,internal
3J7R_583,hairpin
8KAB_3702,internal
4V6O_856,internal
7SYW_2901,internal
8FZJ_3672,internal
6SW9_2707,hairpin
7Y7D_3294,internal
7PIA_2791,internal
8IFB_3394,internal
9GGR_3919,internal
6I7O_2373,hairpin
8P7Y_3791,internal
8WIB_3494,internal
6O9J_1835,internal
6Q95_1967,internal
3J9Y_396,internal
6P4G_1935,internal
6WNV_2181,internal
7NHK_2535,internal
5AJ3_14277,bulge
8PJ2_3707,internal
8BTR_3051,internal
9HAI_3878,internal
8G60_3125,internal
7ST6_2870,internal
5AJ4_14286,bulge
5T5H_2071,hairpin
7AC7_2366,internal
9GHH_4039,internal
7SS9_2852,internal
5OQL_2062,hairpin
8K2C_3634,internal
8A57_2969,internal
7P7S_2751,internal
5UQ7_2105,hairpin
6Q8Y_2613,hairpin
6GWT_2311,hairpin
3J6B_2937,bulge
8UU7_3473,internal
5FLX_14839,bulge
7JSS_2437,internal
6H58_1718,internal
9J3R_3982,internal
7UCK_2915,internal
6S05_2666,hairpin
9GR1_3814,internal
9GHA_4011,internal
6WDD_2145,internal
5APN_14330,bulge
5LZB_1402,internal
5ADY_14215,bulge
8FTO_3223,internal
6AHR_2178,hairpin
6I7O_2374,hairpin
8RD8_3404,internal
6OM6_1869,internal
8BRM_3039,internal
8G6Y_3136,internal
4CSU_687,hairpin
9HA4_3882,internal
9B1Y_4006,internal
8YUO_3767,internal
8CGI_3218,internal
3J79_2950,bulge
6ZU5_2322,internal
9GHE_4025,internal
9B0R_3969,internal
8BHJ_3251,internal
7ACR_2380,internal
7WTV_2942,internal
6GXP_1705,internal
3J79_2956,bulge
8R8M_3685,internal
6GXO_1703,internal
8IFB_3393,internal
7MT3_2693,internal
4V6O_855,internal
7PO3_2808,internal
6NY3_2478,hairpin
8G7P_3412,internal
5ANB_14319,bulge
3J7P_2995,bulge
7ACR_2378,internal
8V84_3549,internal
6WD4_2118,internal
5JTE_15673,bulge
9GUQ_3820,internal
6TMF_2741,hairpin
6TPQ_2747,hairpin
6ZLW_2268,internal
3JBN_405,internal
6SWA_2711,hairpin
7PJU_2639,internal
7PJU_2637,internal
8A5I_2972,internal
8BHF_3279,internal
9BS0_3842,internal
7SA4_2845,internal
9HA6_3876,internal
6OUO_1919,internal
7NWT_2574,internal
6XGF_2213,internal
6OM7_2544,hairpin
8ESQ_2999,internal
8G7P_3413,internal
6VWN_2066,internal
9H3S_3861,internal
8XSZ_3643,internal
6LQM_2392,hairpin
8G61_3128,internal
7BL6_2411,internal
7OIG_2719,internal
5LZX_1924,hairpin
5AJ3_14275,bulge
5H1S_14899,bulge
6ORE_1877,internal
5JB3_15597,bulge
9BLN_3750,internal
8KIE_3727,internal
6M62_2399,hairpin
7PAS_2775,internal
7JT1_2444,internal
8RWG_3900,internal
8JSG_3402,internal
3J79_2962,bulge
9GFT_3908,internal
3JBU_412,internal
5WLC_2131,hairpin
8T5H_3742,internal
5TC1_2090,hairpin
6PCS_1959,internal
9GFT_3914,internal
4CE4_436,internal
3J79_2957,bulge
5APN_14340,bulge
5TC1_2089,hairpin
6GC0_1677,internal
3JBP_410,internal
6XII_2214,internal
6WDL_2171,internal
6QDW_1977,internal
5AFI_14226,bulge
5JBH_15607,bulge
7OTC_2736,internal
5L3P_1860,hairpin
7Y7F_3304,internal
5ANB_14321,bulge
6OGF_1847,internal
8QOA_3518,internal
8EIU_3015,internal
8G6W_3132,internal
3JCE_415,internal
6ZU1_2321,internal
8K2D_3636,internal
5H4P_14907,bulge
5H4P_14911,bulge
7UCJ_2913,internal
5IMR_15119,bulge
8VK0_3932,internal
5NO4_2031,hairpin
7NSO_2558,internal
7JT1_2446,internal
6FT6_2272,hairpin
5TC1_2088,hairpin
8AP4_2987,internal
8EIU_3016,internal
6S0K_2668,hairpin
6GXM_1697,internal
8C97_3120,internal
8RDW_3408,internal
9HA4_3883,internal
6FRK_2268,hairpin
5JTE_15660,bulge
8UU6_3472,internal
7OIG_2720,internal
7OQE_2629,internal
9MOR_3886,internal
9B0G_3960,internal
5NJT_2028,hairpin
7AFN_2388,internal
8R55_3369,internal
6PCS_1958,internal
7AFA_2384,internal
5UMD_2104,hairpin
5FLX_14834,bulge
8A63_2974,internal
7SYH_2877,internal
6ORE_2555,hairpin
8C8Z_3115,internal
4UE4_564,internal
6ZTL_2299,internal
7P7Q_2745,internal
4V77_911,internal
6MTD_1760,internal
6ZMT_2271,internal
8OIS_3160,internal
5IQR_15148,bulge
5ME0_1452,internal
8C93_3118,internal
4V76_905,internal
7BL2_2404,internal
8VK0_3931,internal
8UU4_3465,internal
5IT9_15220,bulge
9GGR_3925,internal
7P6Z_2744,internal
6WDC_2142,internal
7S0S_2840,internal
7R7A_2983,internal
5MGP_1455,internal
5KPS_1856,hairpin
7XAM_3092,internal
6WDE_2149,internal
5ANB_1328,internal
6LQM_2391,hairpin
6O8X_2488,hairpin
9NLQ_4083,internal
9NKL_4052,internal
6OGI_1854,internal
7JIL_2431,internal
5AFI_14239,bulge
7OII_2724,internal
7NSJ_2556,internal
7QGU_2815,internal
9GHB_4014,internal
8BR8_3037,internal
8G5Z_3124,internal
7LS1_2484,internal
6DZP_2259,hairpin
8G34_3333,internal
5AFI_14224,bulge
7PAK_2765,internal
3J6B_2941,bulge
6TNN_2037,internal
7N31_2528,internal
6OGI_2511,hairpin
3JCN_418,internal
4V6O_854,internal
7O80_2594,internal
7K55_2480,internal
9NL6_4061,internal
7K51_2466,internal
8R3V_3440,internal
9HC4_4040,internal
8P2K_3206,internal
3JBO_406,internal
7LVK_2677,internal
8OVJ_3560,internal
9GHF_4030,internal
6SZS_2018,internal
3J79_573,hairpin
6UZ7_2753,hairpin
7A01_2345,internal
8G6X_3056,internal
9GHE_4026,internal
6OIG_2512,hairpin
6VYR_2069,internal
8C91_3116,internal
8T5H_3740,internal
8XSX_3637,internal
5IQR_1371,internal
7PJX_2653,internal
7NWT_2573,internal
8A57_2967,internal
8T4S_3286,internal
4V7A_923,internal
5JU8_1378,internal
4UJE_569,internal
9GUU_3823,internal
9GGR_3924,internal
9GGR_3918,internal
6ZTL_2300,internal
5LZD_1408,internal
8WHX_3486,internal
7Y41_3098,internal
6T4Q_2715,hairpin
6PCR_1955,internal
4V6P_857,internal
5APO_14362,bulge
5JPQ_15654,bulge
6N8O_1776,internal
7N2C_2505,internal
3J7O_2979,bulge
4V7B_924,internal
6UZ7_2755,hairpin
2OM7_294,internal
7AC7_2369,internal
6PC5_1942,internal
7WTT_2937,internal
5LZS_1908,hairpin
8FZI_3670,internal
7SSW_2862,internal
7RYH_2838,internal
5IMR_15129,bulge
6PC8_1947,internal
8YUS_3786,internal
8SYL_3232,internal
7AS8_2394,internal
3J6B_2949,bulge
6VZ7_2091,internal
9NL6_4059,internal
4CSU_439,internal
6P5N_2594,hairpin
3J5L_2929,bulge
5UYN_2112,hairpin
8E3O_3179,internal
5H1S_14893,bulge
7XD5_3093,internal
7JT2_2449,internal
8CAM_3209,internal
6FTI_2276,hairpin
8PHJ_3349,internal
4V65_791,internal
7AQD_2392,internal
5GMK_14885,bulge
6WDG_2157,internal
8QIE_3846,internal
9GUT_3822,internal
5JTE_15681,bulge
5LZC_1404,internal
9NKL_4053,internal
8G7Q_3416,internal
3J79_2965,bulge
5NGM_2024,hairpin
9GHE_4024,internal
6H4N_2337,hairpin
8G7P_3411,internal
6OIG_2514,hairpin
6TBV_2027,internal
6PC6_1943,internal
7LV0_2490,internal
5JUU_1850,hairpin
6Y0G_2224,internal
7SYH_2876,internal
6HA1_2342,hairpin
5H4P_14903,bulge
7UVX_3083,internal
3J7A_2969,bulge
6HA8_1731,internal
5IMQ_15103,bulge
7K00_2457,internal
3JAG_608,hairpin
6TNN_2744,hairpin
6GC7_2293,hairpin
5MDV_1441,internal
6V39_2758,hairpin
8G38_3340,internal
3J79_2964,bulge
8BHJ_3252,internal
5AN9_14317,bulge
6R87_2650,hairpin
9GHD_4023,internal
7S1G_2667,internal
7OHX_2608,internal
8ASW_2988,internal
8PEG_3426,internal
9MOR_3888,internal
5ADY_14213,bulge
5H4P_14902,bulge
7SSO_2860,internal
4V6Y_873,internal
8AP4_2986,internal
5IMQ_15112,bulge
5IT7_15159,bulge
8UPR_3589,internal
6OT3_1906,internal
7WTZ_2947,internal
7N30_2519,internal
7D6Z_2420,internal
7OHW_2606,internal
5ND8_1988,hairpin
7SYO_2889,internal
5LZC_1406,internal
6ZS9_2284,internal
6SPG_2013,internal
5WFK_2129,hairpin
5ZET_2172,hairpin
6T7I_2721,hairpin
8UR0_3597,internal
5GAM_14875,bulge
5IT7_15162,bulge
5ANB_14320,bulge
8Q4F_3718,internal
6Q9A_1975,internal
6QTZ_1983,internal
7NHM_2544,internal
6OLG_2528,hairpin
8Y0X_3391,internal
6WDK_2168,internal
7SYV_2900,internal
8UU6_3468,internal
4V71_888,internal
7OT5_2734,internal
7Y7F_3303,internal
7NBU_2696,internal
7SYS_2894,internal
5AFI_14238,bulge
6OGG_1851,internal
8P09_3506,internal
6PCQ_1952,internal
5LZF_1418,internal
7K53_2472,internal
5NO2_2029,hairpin
5KPV_1389,internal
5LZY_1434,internal
8ZTU_3947,internal
5AJ4_14285,bulge
7OQE_2628,internal
8G7R_3420,internal
3J7O_578,hairpin
8SCB_3358,internal
7M4X_2495,internal
5MMM_1953,hairpin
7WTW_2943,internal
5XXB_2153,hairpin
5WFS_2130,hairpin
7UNV_2927,internal
5TC1_2091,hairpin
6GBZ_2290,hairpin
9NJF_4044,internal
5AFI_1318,internal
6RZZ_2663,hairpin
5IMQ_15095,bulge
6HMA_2363,hairpin
4V6O_853,internal
5UYP_2113,hairpin
7OOD_2728,internal
6T7I_2723,hairpin
5LZW_1429,internal
7PAI_2761,internal
7XAM_3091,internal
4V6P_858,internal
4V72_893,internal
7ACJ_2372,internal
6ENJ_2263,hairpin
5IQR_15136,bulge
5IT7_15170,bulge
7PO2_2807,internal
8BH4_3248,internal
8OIN_3158,internal
3J7Z_388,internal
8P03_3505,internal
7PJX_2651,internal
8BSI_3042,internal
6R86_1991,internal
6MTD_2416,hairpin
7NAV_2532,internal
6YEF_2239,internal
8Y38_3693,internal
4D5Y_443,internal
6SPF_2694,hairpin
5AJ4_1323,internal
6N8J_2434,hairpin
6TH6_2034,internal
7WTZ_2948,internal
5H4P_14908,bulge
9H3S_3860,internal
7K51_2467,internal
7M4Y_2499,internal
6VLZ_2773,hairpin
6GXN_2313,hairpin
6WDD_2144,internal
5GAE_14847,bulge
7P3K_2632,internal
6O90_1833,internal
8QPP_3356,internal
5MDW_1443,internal
6Y69_2231,internal
7PHA_2783,internal
8VKW_3937,internal
6WDM_2174,internal
7OHY_2610,internal
8KAB_3701,internal
3J79_2968,bulge
8JDM_3345,internal
8IFC_3398,internal
6WDF_2151,internal
8BHF_3280,internal
6QDW_2620,hairpin
8G38_3339,internal
5AKA_14309,bulge
7NHK_2537,internal
7SYK_2883,internal
5OPT_2058,hairpin
5JBH_15603,bulge
6PC6_1944,internal
8PJ6_3716,internal
9B1X_4004,internal
7ST6_2873,internal
7S9U_2844,internal
7NHL_2541,internal
7KGB_2671,internal
3J7P_3008,bulge
4V79_919,internal
7NBU_2700,internal
8BF7_3237,internal
7Y7C_3290,internal
8Q87_3730,internal
4V6Y_875,internal
7NWH_2571,internal
6FRK_2267,hairpin
7OPE_2623,internal
3J6B_2948,bulge
8Y39_3700,internal
7QV2_2828,internal
7PAH_2760,internal
5IT7_15169,bulge
5JBH_15602,bulge
5LZV_1917,hairpin
9MOR_3891,internal
6I7O_2370,hairpin
5H1S_14890,bulge
6GZ5_2327,hairpin
3J7O_2992,bulge
7BL2_2405,internal
5JTE_15682,bulge
8A3W_3350,internal
7QV3_2832,internal
4V69_798,internal
7SYR_2892,internal
6MTE_2419,hairpin
9J3T_3984,internal
5IT7_15166,bulge
3J7P_2997,bulge
3JBU_637,hairpin
3J7Q_581,hairpin
8Y0W_3389,internal
6P5N_2596,hairpin
7AS8_2393,internal
8FZJ_3671,internal
5JB3_15593,bulge
7PAO_2772,internal
9HAM_3880,internal
6P5J_2586,hairpin
6V3B_2768,hairpin
6XII_2215,internal
9C4G_3722,internal
5L3P_1396,internal
8YUP_3770,internal
6SZS_2016,internal
5APO_14365,bulge
8RWG_3901,internal
6H58_2339,hairpin
5KPS_1387,internal
8P16_3566,internal
5JCS_15651,bulge
7SSN_2857,internal
5X8P_2149,hairpin
6ZXD_2335,internal
7NQL_2553,internal
7PJZ_2661,internal
8YUS_3784,internal
7NHL_2540,internal
7OOD_2729,internal
7NHN_2550,internal
5JTE_15670,bulge
9H3L_3852,internal
3JAH_610,hairpin
3J3V_377,internal
8UKB_3800,internal
9B0H_3963,internal
6P4G_1934,internal
8CAM_3207,internal
8AKN_3023,internal
6ZTJ_2293,internal
5LZF_1907,hairpin
6W2S_2095,internal
4V79_916,internal
9H3Y_3869,internal
6GXO_1701,internal
8VIO_3928,internal
4UJD_567,internal
3J5L_2919,bulge
7SYQ_2891,internal
6V3D_2050,internal
6O90_2498,hairpin
7PHA_2784,internal
8CDV_3351,internal
5IT7_15163,bulge
7SYG_2875,internal
5IMQ_1368,internal
6ZLW_2267,internal
7SFR_2848,internal
7B5K_2403,internal
6U48_2041,internal
5IMR_15125,bulge
8PPK_3288,internal
5A9Z_1310,internal
6ZN5_2274,internal
5GAN_14876,bulge
3J7O_2981,bulge
4V73_895,internal
9GGR_3923,internal
6R7Q_2641,hairpin
8G2U_3325,internal
4V6L_844,internal
7CPJ_2419,internal
4CSU_438,internal
4V6S_867,internal
7S1G_2669,internal
8P8V_3795,internal
5JPQ_15653,bulge
5AKA_14296,bulge
5H1S_14897,bulge
7NWW_2701,internal
6VYT_2073,internal
8RQ0_3581,internal
7NSP_2562,internal
8G6W_3130,internal
7CPJ_2417,internal
6GC8_2294,hairpin
6XGF_2212,internal
8UQM_3593,internal
3J7O_2986,bulge
8P09_3507,internal
8FKY_3202,internal
8UU4_3464,internal
8XT2_3645,internal
7XD6_3094,internal
7K53_2473,internal
8A57_2968,internal
7N30_2523,internal
7PJV_2643,internal
5LZB_1401,internal
6VYW_2078,internal
6O8W_2487,hairpin
9J3T_3989,internal
5LZW_1430,internal
3J79_2954,bulge
8QPP_3357,internal
8AYE_3031,internal
6O8X_1829,internal
5IMQ_15099,bulge
7K54_2478,internal
7SYT_2896,internal
6WD1_2110,internal
8UU5_3466,internal
8UU8_3478,internal
8RCS_3448,internal
8VFT_3840,internal
5LZD_1409,internal
5JTE_15668,bulge
6ZV6_2329,internal
8OHD_3403,internal
6LSS_2397,hairpin
4V71_889,internal
6RBE_2651,hairpin
6S0K_1999,internal
6GZX_2330,hairpin
8BTR_3052,internal
3JAI_613,hairpin
4V78_915,internal
4V66_793,internal
5GAE_14853,bulge
5U4I_2099,hairpin
8PPL_3289,internal
4V6Q_860,internal
7PJU_2638,internal
6WD7_2127,internal
6R86_2647,hairpin
6R6P_2639,hairpin
6WDH_2160,internal
6FTJ_2278,hairpin
8A63_2975,internal
8SCB_3359,internal
7SSW_2864,internal
7N31_2525,internal
6NU2_1804,internal
7PIQ_2799,internal
7QQ3_3009,internal
8R3V_3437,internal
6SPF_2695,hairpin
6QIK_2622,hairpin
8G7R_3421,internal
6VU3_2053,internal
6TH6_2033,internal
8XXN_3557,internal
8BGH_3245,internal
8R08_3575,internal
6YEF_2240,internal
5LZU_1425,internal
9NLS_4091,internal
8FR8_3143,internal
5FLX_14841,bulge
6R84_2645,hairpin
5IMR_15117,bulge
7NSP_2565,internal
5AJ4_14294,bulge
6BU8_2194,hairpin
8P7X_3790,internal
5LZT_1423,internal
6WD3_2116,internal
5LZF_1416,internal
5AKA_14311,bulge
9NL6_4058,internal
7WTU_2940,internal
6ZTN_2307,internal
8V9K_3383,internal
6SPE_2009,internal
6ZU1_2318,internal
5H1S_14887,bulge
9B0Q_3968,internal
5T62_2073,hairpin
5AFI_14216,bulge
7OIZ_2616,internal
6WDD_2143,internal
6N8M_2444,hairpin
8UIY_4092,internal
8P17_3569,internal
8C8Z_3114,internal
6GQB_2298,hairpin
6O8Y_2491,hairpin
5LZU_1424,internal
8G34_3332,internal
8RQ2_3586,internal
6OIG_1856,internal
7JSS_2438,internal
3J5L_2920,bulge
9BSS_3845,internal
6NEQ_1777,internal
7JT1_2445,internal
6PCQ_1953,internal
6ZOK_2278,internal
4UJE_570,internal
3JAJ_616,hairpin
3J7A_2976,bulge
5GAE_14854,bulge
6TH6_2035,internal
9NL7_4063,internal
5GAK_14871,bulge
8G31_3329,internal
7AF8_2383,internal
8Y39_3697,internal
6MTE_2418,hairpin
8I9Z_3150,internal
8GZP_3227,internal
5GAK_14862,bulge
6SPD_2693,hairpin
5M1J_1439,internal
5MRC_1955,hairpin
3J7O_2988,bulge
5APO_14359,bulge
6WQQ_2187,internal
6V3B_2765,hairpin
6HD7_2355,hairpin
6VYY_2081,internal
8VR4_3939,internal
8INF_3229,internal
4V6K_841,internal
8BSI_3043,internal
8ZDD_3906,internal
5H4P_14915,bulge
8RDW_3409,internal
8PV2_3318,internal
6ZTN_2306,internal
6ORE_1881,internal
6P5I_1937,internal
8PJ1_3706,internal
8G6J_3129,internal
7O1A_2583,internal
8G2U_3321,internal
5FLX_14833,bulge
7LV0_2489,internal
8YUQ_3775,internal
8FZE_3655,internal
5GAE_14848,bulge
5IQR_15150,bulge
4V61_778,internal
3J7Q_582,hairpin
4V77_910,internal
6VYS_2071,internal
6WNW_2183,internal
7JIL_2428,internal
5UYL_2110,hairpin
6OM6_1867,internal
3J5L_2921,bulge
9NJV_4048,internal
6X9Q_2203,internal
5IMQ_15097,bulge
8YUR_3781,internal
7OIF_2714,internal
6WRU_2192,internal
4V65_792,internal
4V5H_721,internal
8G6Y_3134,internal
3J9Z_604,hairpin
5XXB_2154,hairpin
6OSK_1892,internal
5FLX_14842,bulge
5IMR_15128,bulge
6V3D_2052,internal
6PC7_2599,hairpin
5M1J_1933,hairpin
6WDA_2138,internal
8QBT_3511,internal
5LZV_1918,hairpin
9NL7_4062,internal
8QRK_3626,internal
6V3E_2772,hairpin
8G34_3335,internal
9B0F_3957,internal
6SKG_2684,hairpin
7PJW_2648,internal
7BOE_2414,internal
5H4P_14914,bulge
8VKI_3935,internal
5H1S_1358,internal
6MTB_1757,internal
6H4N_1713,internal
8UIY_4093,internal
6OLG_2526,hairpin
5WE6_2127,hairpin
4CSU_686,hairpin
6FT6_2270,hairpin
8RCL_3503,internal
5T6R_2078,hairpin
7QH4_2819,internal
4V6Y_874,internal
6ORE_1878,internal
6ZTP_2316,internal
5A9Z_1306,internal
5IQR_15138,bulge
6OGG_1853,internal
9GFT_3911,internal
8G2U_3326,internal
8BH7_3284,internal
8Z71_3839,internal
2OM7_295,internal
5AFI_14228,bulge
7MSC_2684,internal
7PH9_2781,internal
8G38_3341,internal
8HU1_3528,internal
9GHC_4019,internal
5APN_14338,bulge
8G34_3334,internal
8GLP_3139,internal
5IT7_15181,bulge
8G2U_3323,internal
9B1X_4003,internal
6OST_1903,internal
8YUS_3787,internal
8WHX_3485,internal
5MDZ_1450,internal
5AJ4_1322,internal
7SYW_2902,internal
5GAK_14873,bulge
7ODE_2708,internal
5MDW_1445,internal
8OZ0_3378,internal
9GFT_3917,internal
8P7Y_3792,internal
7R4X_3018,internal
7XD7_3059,internal
3J3W_378,internal
6OFX_2507,hairpin
8P8B_3793,internal
7OIF_2710,internal
7WTV_2941,internal
6N7P_2430,hairpin
7PIO_2795,internal
4C4Q_681,hairpin
6SPB_2006,internal
7O19_2581,internal
5APO_14364,bulge
6R84_2644,hairpin
8PV7_3319,internal
6PC8_1949,internal
5APN_14334,bulge
9GUS_3821,internal
6WD2_2114,internal
8YUQ_3776,internal
5GAE_14856,bulge
8RCT_3457,internal
3J6B_2947,bulge
9CAI_3753,internal
9H3V_3866,internal
3J7O_577,hairpin
6WD0_2108,internal
7NHN_2546,internal
8FMW_3315,internal
6ENF_2262,hairpin
8P17_3570,internal
9AXV_3761,internal
8YUP_3772,internal
7OT5_2731,internal
6D9J_2250,hairpin
9D89_3848,internal
5ANC_14325,bulge
8WI7_3489,internal
6V39_2760,hairpin
6N8O_2447,hairpin
3JCJ_642,hairpin
3J7O_2977,bulge
4V72_891,internal
9HC4_4041,internal
8G38_3338,internal
7D6Z_2424,internal
5M1J_1934,hairpin
6R7Q_2642,hairpin
7P7U_2758,internal
4V78_913,internal
6ZTN_2309,internal
6V39_2759,hairpin
5GAE_14850,bulge
7JT3_2452,internal
8WIC_3496,internal
8S1P_3608,internal
7O1A_2584,internal
8S1U_3609,internal
5JTE_15669,bulge
4UY8_572,internal
7UVZ_3088,internal
6UZ7_2754,hairpin
6VZ2_2086,internal
7M5D_2682,internal
6DZI_2257,hairpin
8GZQ_3228,internal
4V6Z_882,internal
7O81_2595,internal
8RPZ_3578,internal
5GAE_1355,internal
8UPR_3590,internal
6OGF_2509,hairpin
8IA0_3151,internal
3J6B_2944,bulge
6OSQ_1898,internal
8HU1_3531,internal
9NJF_4046,internal
6GZ4_2323,hairpin
5IT7_15172,bulge
8QBT_3512,internal
6GQV_2302,hairpin
7Q4K_2979,internal
5IMQ_15110,bulge
7PJZ_2662,internal
5IQR_15133,bulge
8YOP_3648,internal
9B0Q_3967,internal
8G5Y_3122,internal
7NSI_2555,internal
6GQV_2300,hairpin
6PCH_1951,internal
3J5L_2931,bulge
8FZE_3656,internal
7ACR_2377,internal
8HSP_3521,internal
7NHL_2538,internal
6RXZ_2661,hairpin
3JCN_419,internal
5AFI_14231,bulge
4V6V_871,internal
8XXL_3553,internal
8P8V_3796,internal
6HA8_2344,hairpin
6HTQ_2366,hairpin
6MEC_1755,internal
6HD7_2356,hairpin
3JAI_612,hairpin
6SWA_2710,hairpin
7UNW_2929,internal
3J5L_2922,bulge
7AC7_2368,internal
7OTC_2737,internal
6SNT_2687,hairpin
8G31_3328,internal
7SSO_2861,internal
6GC4_2292,hairpin
6M62_1754,internal
6WD9_2135,internal
6GZZ_2333,hairpin
6W6P_2102,internal
6N8L_2443,hairpin
8V9J_3381,internal
7UNR_2921,internal
8BUU_3109,internal
6HRM_1734,internal
8W51_3745,internal
6ND4_2448,hairpin
5ZEB_2165,hairpin
5MC6_1936,hairpin
6VWN_2065,internal
7B5K_2402,internal
5APO_14353,bulge
8RCT_3459,internal
5APO_14366,bulge
5KPW_1393,internal
6Q98_2618,hairpin
8XXN_3558,internal
4V70_884,internal
7SFR_2850,internal
8G31_3330,internal
5IMQ_15100,bulge
5GAK_14874,bulge
8HU1_3529,internal
5IQR_15145,bulge
9J3T_3991,internal
7AS8_2395,internal
6PCQ_2601,hairpin
7O19_2580,internal
5LZD_1411,internal
9H3Z_3872,internal
5H4P_14909,bulge
5ZEP_2169,hairpin
7OIZ_2613,internal
7Y7C_3293,internal
6R5Q_1985,internal
6V3D_2770,hairpin
7BOH_2415,internal
6QT0_2629,hairpin
5H1S_14894,bulge
8PJ5_3714,internal
6GZ5_2325,hairpin
8TPU_3720,internal
9GHG_4032,internal
5APO_14350,bulge
6WD8_2130,internal
9H3W_3867,internal
7M4X_2497,internal
7RYF_2835,internal
6PC7_1945,internal
8CA7_3219,internal
6ZTP_2315,internal
5JTE_15662,bulge
7PAT_2778,internal
5ME1_1453,internal
6ZN5_2273,internal
3JBP_408,internal
6NY1_2476,hairpin
8QHU_3898,internal
4V4N_607,internal
5T2A_2066,hairpin
6WD7_2128,internal
8G5Y_3123,internal
5APO_14367,bulge
7WTU_2939,internal
5IMR_15118,bulge
5GAK_14864,bulge
7K52_2471,internal
8Y0X_3390,internal
6V3A_2763,hairpin
5GMK_14884,bulge
9BSL_3844,internal
6X7K_2202,internal
7Y7D_3297,internal
5IMQ_15109,bulge
8K2C_3635,internal
8YLD_3833,internal
9H3P_3856,internal
6N8K_2437,hairpin
8YUP_3774,internal
7O1C_2588,internal
6WDE_2147,internal
6WDF_2153,internal
5IQR_15152,bulge
6WDB_2140,internal
6OSQ_2563,hairpin
3J7Z_386,internal
5IMR_15130,bulge
8EYQ_3282,internal
8A63_2973,internal
7WTT_2938,internal
7MQ8_2504,internal
7PIQ_2801,internal
6ZP4_2281,internal
9C8K_3944,internal
6MCC_2402,hairpin
5GAE_14851,bulge
5GAN_14878,bulge
7PAN_2771,internal
5U4I_2100,hairpin
5JTE_15683,bulge
5JBH_15605,bulge
5AN9_1327,internal
6WD7_2126,internal
7O1C_2589,internal
5GAK_1356,internal
5ANC_14323,bulge
6U48_2042,internal
6XDR_2209,internal
5JPQ_15655,bulge
4V61_777,internal
6SGC_2677,hairpin
7AFK_2387,internal
6SWC_2712,hairpin
5GM6_14881,bulge
6ZU5_2324,internal
5APN_14329,bulge
6T83_2023,internal
5APO_14354,bulge
7MQ8_2503,internal
6Q9A_1973,internal
6SV4_2700,hairpin
6OUO_2572,hairpin
3JCT_646,hairpin
8K2A_3633,internal
9GR1_3816,internal
8PJ4_3711,internal
6SPF_2696,hairpin
8RCS_3450,internal
8A3L_3105,internal
6HD7_1732,internal
5MC6_1935,hairpin
8I9W_3146,internal
6GZZ_2334,hairpin
5MYJ_1964,hairpin
6SV4_2015,internal
3JBP_409,internal
7UNU_2923,internal
6GQ1_1684,internal
7SYX_2903,internal
6YHS_2241,internal
8BTD_3049,internal
3J7P_3000,bulge
3JBN_404,internal
5GAE_14857,bulge
7ST2_2867,internal
6N8L_1774,internal
6VYZ_2084,internal
3J7P_2999,bulge
6YDP_2236,internal
6TC3_2031,internal
8QOA_3519,internal
3J8G_590,hairpin
8T4S_3287,internal
7QIW_2823,internal
4V7D_929,internal
6EM1_2261,hairpin
5IMQ_15104,bulge
8CF8_3220,internal
3J7P_580,hairpin
8W51_3744,internal
5IT7_15171,bulge
6S05_2665,hairpin
8P16_3564,internal
8FZG_3661,internal
3JBN_626,hairpin
6H58_1720,internal
3J7O_2982,bulge
7WTT_2936,internal
8AM9_3027,internal
5IT7_15154,bulge
6W2T_2098,internal
7NAU_2531,internal
9GGR_3920,internal
6X7K_2201,internal
8FKU_3200,internal
9N2B_3995,internal
4V6R_863,internal
7OPE_2624,internal
6WD8_2129,internal
9NLQ_4087,internal
8BF7_3236,internal
3J7O_2980,bulge
9D89_3849,internal
4V6M_848,internal
5APO_14355,bulge
5LZB_1403,internal
9NLJ_4080,internal
6O9J_2499,hairpin
6PCQ_1954,internal
5APO_14360,bulge
5ND9_1990,hairpin
8YLR_3835,internal
6ZXD_2336,internal
5IMQ_15114,bulge
6OM6_1865,internal
6SNT_2688,hairpin
8I9W_3147,internal
8CD1_3372,internal
6V39_2757,hairpin
7PJU_2641,internal
6YHS_2242,internal
7NHN_2549,internal
7MSM_2687,internal
3JBU_411,internal
7OT5_2735,internal
5KPW_1394,internal
7JQC_2434,internal
9NJF_4043,internal
5LZV_1427,internal
9N2C_3997,internal
7PWG_2809,internal
5AKA_14305,bulge
4V6V_872,internal
7UVV_3080,internal
8G61_3127,internal
7NQL_2554,internal
3J9Y_398,internal
3J92_593,hairpin
7A09_2347,internal
7OQC_2626,internal
6TBV_2026,internal
7N2V_2516,internal
9GFT_3912,internal
7TQL_2906,internal
6WQQ_2188,internal
7QV2_2830,internal
3JAH_611,hairpin
5TC1_2092,hairpin
8P2G_3539,internal
8VR8_3941,internal
6WNV_2178,internal
8OZ0_3377,internal
7B5K_2400,internal
8QRL_3627,internal
9NLS_4088,internal
8UQM_3594,internal
7OJ0_2617,internal
8PKL_3430,internal
9B0R_3971,internal
8FZD_3653,internal
9GHH_4038,internal
5AJ3_1320,internal
7MSH_2686,internal
8V9J_3379,internal
3J7A_385,internal
7OII_2723,internal
8T5D_3735,internal
9ISV_3976,internal
6QTZ_2630,hairpin
5APN_14333,bulge
8Y0W_3388,internal
4UJC_566,internal
5H1S_14888,bulge
3J8G_391,internal
6SV4_2704,hairpin
8TOC_3461,internal
6WDJ_2164,internal
8P8W_3798,internal
6N8K_2438,hairpin
7OHU_2604,internal
7PNZ_2806,internal
5IQR_15132,bulge
6OST_1900,internal
8CEC_3352,internal
8P17_3567,internal
9NLH_4077,internal
5IMR_15124,bulge
3J5L_2935,bulge
6HA1_2343,hairpin
7UNR_2920,internal
7BL5_2409,internal
5OT7_2064,hairpin
6ENU_2264,hairpin
4V6S_868,internal
7QI4_2822,internal
6S05_2667,hairpin
6R5Q_1986,internal
5GAK_1357,internal
6ZTN_2308,internal
7UG7_2918,internal
7JSW_2439,internal
5L3P_1398,internal
6PPF_2608,hairpin
3J79_2967,bulge
6FXC_2284,hairpin
5LZZ_1929,hairpin
8Y38_3695,internal
4V79_917,internal
5GMK_14886,bulge
5IQR_15142,bulge
7O5B_2706,internal
6LSS_2396,hairpin
5APO_14352,bulge
7NSP_2563,internal
6Q9A_2619,hairpin
6PPF_1964,internal
6O9K_2501,hairpin
3J16_376,internal
8P18_3571,internal
7NHM_2543,internal
5AN9_14312,bulge
5T6R_2076,hairpin
8IFB_3392,internal
7PAR_2774,internal
6YSR_2251,internal
9J1M_3979,internal
4V6Z_878,internal
8FZF_3622,internal
8BR8_3038,internal
4V6V_870,internal
7LHD_2676,internal
7XD3_3058,internal
3J7O_2978,bulge
7BL4_2407,internal
7M4W_2494,internal
5LI0_1863,hairpin
8VR4_3938,internal
5AFI_14223,bulge
6R6P_2640,hairpin
8RXX_3562,internal
4V77_912,internal
5LL6_1399,internal
6RW4_2655,hairpin
5WE4_2126,hairpin
3J6B_571,hairpin
8T5H_3737,internal
9GHD_4021,internal
5ND8_1985,hairpin
7ABZ_2360,internal
2J28_287,internal
8CGK_3203,internal
7PIQ_2802,internal
3J6B_2946,bulge
8CGV_3221,internal
8PHJ_3346,internal
3J9Z_401,internal
6RXU_1997,internal
5AKA_14308,bulge
8YUQ_3778,internal
9H3K_3851,internal
8CGD_3216,internal
6Q97_1971,internal
6OM0_2538,hairpin
4V76_907,internal
8UQL_3592,internal
8BF7_3238,internal
8UU9_3482,internal
7JSZ_2442,internal
6FXC_2280,hairpin
6WDG_2156,internal
8ZDB_3903,internal
7N2V_2518,internal
6V39_2044,internal
9B0G_3959,internal
6W2T_2097,internal
7P7T_2755,internal
4V78_914,internal
9GUX_3826,internal
5IMR_15120,bulge
6D9J_2252,hairpin
7K5I_2483,internal
9GHC_4018,internal
6GZZ_2332,hairpin
7QGU_2817,internal
6WRU_2191,internal
9B0S_3972,internal
4V7A_920,internal
6OUO_1916,internal
6XIQ_2218,internal
5IT7_15175,bulge
7ACJ_2374,internal
7BL3_2406,internal
9B0P_3964,internal
7AQC_2390,internal
6VYQ_2067,internal
7OHR_2600,internal
6OGF_1848,internal
3JCE_413,internal
7O1A_2585,internal
8P16_3565,internal
7N2U_2510,internal
6R86_1990,internal
7PIA_2790,internal
6RXU_2658,hairpin
8ANY_3235,internal
8XXM_3555,internal
6SWA_2709,hairpin
6MTD_2415,hairpin
6XE0_2211,internal
6TB3_2734,hairpin
7SYI_2879,internal
6TBV_2024,internal
5JB3_15592,bulge
3J7A_2975,bulge
7K53_2475,internal
4V7C_928,internal
6VYY_2082,internal
7N2V_2515,internal
8RCM_3442,internal
7PAL_2768,internal
3JBV_638,hairpin
8FKT_3199,internal
8XP2_3801,internal
3J79_2955,bulge
5ANC_1329,internal
6WDL_2169,internal
9GR1_3818,internal
6YSS_2254,internal
6WRS_2190,internal
6SPD_2692,hairpin
7SYU_2897,internal
6ZQE_2283,internal
3J5L_2928,bulge
6RM3_1993,internal
6FXC_2283,hairpin
6PPK_2610,hairpin
6OSK_1895,internal
9AXT_3760,internal
8R55_3366,internal
6WD1_2109,internal
7S1I_2842,internal
8URH_3599,internal
8P2F_3533,internal
7OHX_2607,internal
7NSJ_2557,internal
7PJT_2635,internal
8BGE_3241,internal
3JA1_402,internal
7ST6_2872,internal
7K55_2481,internal
8G6X_3055,internal
8Y39_3699,internal
6P5K_1939,internal
8PKL_3431,internal
5APO_14357,bulge
6YSI_2247,internal
8UQP_3595,internal
6YSU_2263,internal
8FIZ_3062,internal
4V6N_851,internal
7N2U_2514,internal
9BLN_3751,internal
7M4Y_2498,internal
9B1Y_4005,internal
7UCJ_2912,internal
5IMR_15115,bulge
6TPQ_2039,internal
5KPS_1386,internal
5IMQ_15105,bulge
5OPT_2060,hairpin
7OHW_2605,internal
9HA6_3875,internal
8V9L_3384,internal
4D67_445,internal
7SYV_2899,internal
5IQR_15144,bulge
8ZTV_3953,internal
7QCA_2981,internal
6XIJ_2217,internal
4V76_909,internal
8CGK_3204,internal
6OIG_2513,hairpin
9NLB_4067,internal
9B0S_3974,internal
8ZDD_3907,internal
7PIO_2794,internal
8BHJ_3253,internal
6D90_2244,hairpin
6QDW_1978,internal
6OT3_1909,internal
4V6K_842,internal
9BS0_3843,internal
8URX_3603,internal
7PWG_2810,internal
8QCQ_3513,internal
6TC3_2032,internal
6WDG_2155,internal
6VZ3_2087,internal
6T83_2731,hairpin
6XDQ_2208,internal
5JTE_15659,bulge
9NJV_4049,internal
6VYS_2072,internal
7UW1_3090,internal
7CPJ_2418,internal
5H4P_14910,bulge
6PC5_1941,internal
7PAH_2759,internal
7MT2_2689,internal
6YSU_2265,internal
7OIF_2709,internal
5IQR_15146,bulge
7UNV_2926,internal
8G6Y_3137,internal
7NSO_2561,internal
6H58_1725,internal
6T83_2729,hairpin
8CRX_3053,internal
5JUU_1852,hairpin
5LZX_1433,internal
4C4Q_680,hairpin
5APN_14332,bulge
5GAK_14870,bulge
7Q4K_2977,internal
6S47_2675,hairpin
8URX_3604,internal
3J7O_2984,bulge
6OSK_1894,internal
7NBU_2699,internal
7PJV_2645,internal
5GAK_14867,bulge
6WDM_2175,internal
6QZP_2633,hairpin
6QKL_1980,internal
6GXP_2315,hairpin
5AKA_14299,bulge
5LZX_1431,internal
5JTE_15679,bulge
5JB3_15601,bulge
9GHB_4013,internal
6QIK_2621,hairpin
6Y69_2229,internal
6MTB_1756,internal
8Y38_3696,internal
5AJ4_14291,bulge
5AKA_14295,bulge
7KGB_2672,internal
6GBZ_1676,internal
6LU8_2398,hairpin
7SYN_2887,internal
5AJ4_14282,bulge
6WD5_2123,internal
7NAX_2533,internal
5LZE_1414,internal
7PI8_2787,internal
7UPH_2933,internal
7OIZ_2612,internal
7Y7C_3292,internal
8JDJ_3342,internal
6ZVK_2333,internal
9GHD_4022,internal
7P7Q_2747,internal
6PCR_1956,internal
5H4P_14904,bulge
7BL5_2410,internal
